10, 54
11, 0
12, 0
13, 0
14, 0
15, 0
16, 0
17, 0
18, 0
19, 0
20, 0
21, 0
22, 0
23, 0
24, 0
25, 0
26, 0
27, 0
28, 0
29, 0
30, 0
31, 0
32, 0
33, 0
34, 0
35, 0
36, 0
37, 0
38, 0
39, 0
40, 0
41, 0
42, 0
43, 0
44, 0
45, 0
46, 0
47, 0
48, 0
49, 0
50, 0
51, 0
52, 0
53, 0
54, 0
55, 0
56, 0
57, 0
58, 0
59, 0
60, 0
61, 0
62, 0
63, 0
64, 0
65, 0
66, 0
67, 0
68, 0
69, 0
70, 0
71, 0
72, 0
73, 0
74, 0
75, 0
76, 0
77, 0
78, 0
79, 0
80, 0
81, 0
82, 0
83, 0
84, 0
85, 0
86, 0
87, 0
88, 0
89, 0
90, 0
91, 0
92, 0
93, 0
94, 0
95, 0
96, 0
97, 0
98, 0
99, 0
100, 0
101, 0
102, 0
103, 0
104, 0
105, 0
106, 0
107, 0
108, 0
109, 0
110, 0
111, 0
112, 0
113, 0
114, 0
115, 0
116, 0
117, 0
118, 0
119, 0
120, 0
121, 0
122, 0
123, 0
124, 0
125, 0
126, 0
127, 0
128, 0
129, 0
130, 0
131, 0
132, 0
133, 0
134, 0
135, 0
136, 0
137, 1
138, 0
139, 1
140, 1
141, 1
142, 1
143, 1
144, 1
145, 1
146, 1
147, 1
148, 1
149, 1
150, 1
151, 1
152, 1
153, 1
154, 1
155, 1
156, 1
157, 1
158, 1
159, 1
160, 1
161, 1
162, 1
163, 1
164, 1
165, 1
166, 1
167, 1
168, 1
169, 1
170, 1
171, 1
172, 1
173, 1
174, 1
175, 1
176, 1
177, 1
178, 1
179, 1
180, 1
181, 1
182, 1
183, 1
184, 1
185, 1
186, 1
187, 1
188, 1
189, 1
190, 1
191, 1
192, 1
193, 1
194, 1
195, 1
196, 1
197, 1
198, 1
199, 1
200, 1
201, 1
202, 1
203, 1
204, 1
205, 1
206, 1
207, 1
208, 2
209, 1
210, 1
211, 2
212, 1
213, 1
214, 1
215, 1
216, 1
217, 1
218, 1
219, 1
220, 1
221, 1
222, 1
223, 1
224, 1
225, 1
226, 1
227, 1
228, 1
229, 1
230, 1
231, 1
232, 1
233, 1
234, 1
235, 1
236, 1
237, 1
238, 1
239, 1
240, 1
241, 1
242, 1
243, 1
244, 1
245, 1
246, 1
247, 1
248, 1
249, 1
250, 1
251, 1
252, 1
253, 1
254, 1
255, 1
256, 2
257, 1
258, 1
259, 1
260, 1
261, 1
262, 1
263, 2
264, 1
265, 1
266, 1
267, 1
268, 1
269, 2
270, 1
271, 1
272, 2
273, 1
274, 1
275, 1
276, 2
277, 1
278, 1
279, 2
280, 2
281, 2
282, 2
283, 2
284, 2
285, 2
286, 2
287, 2
288, 2
289, 2
290, 2
291, 2
292, 2
293, 2
294, 2
295, 2
296, 2
297, 2
298, 2
299, 2
300, 2
301, 2
302, 2
303, 2
304, 2
305, 2
306, 2
307, 2
308, 2
309, 2
310, 2
311, 2
312, 2
313, 2
314, 2
315, 2
316, 2
317, 2
318, 2
319, 2
320, 2
321, 3
322, 2
323, 2
324, 3
325, 3
326, 3
327, 2
328, 2
329, 2
330, 2
331, 2
332, 2
333, 2
334, 2
335, 2
336, 2
337, 2
338, 3
339, 2
340, 3
341, 3
342, 2
343, 2
344, 3
345, 2
346, 2
347, 3
348, 3
349, 3
350, 3
351, 3
352, 3
353, 3
354, 3
355, 3
356, 2
357, 2
358, 2
359, 3
360, 3
361, 3
362, 3
363, 3
364, 3
365, 3
366, 3
367, 2
368, 2
369, 2
370, 2
371, 2
372, 2
373, 2
374, 2
375, 2
376, 2
377, 2
378, 2
379, 2
380, 2
381, 2
382, 2
383, 2
384, 2
385, 2
386, 2
387, 2
388, 2
389, 2
390, 2
391, 2
392, 2
393, 2
394, 2
395, 2
396, 2
397, 2
398, 2
399, 2
400, 2
401, 2
402, 2
403, 2
404, 2
405, 3
406, 2
407, 2
408, 2
409, 2
410, 2
411, 3
412, 2
413, 3
414, 2
415, 2
416, 2
417, 3
418, 3
419, 3
420, 3
421, 3
422, 3
423, 3
424, 3
425, 3
426, 3
427, 3
428, 3
429, 3
430, 3
431, 3
432, 3
433, 3
434, 3
435, 3
436, 3
437, 3
438, 3
439, 3
440, 3
441, 3
442, 3
443, 3
444, 3
445, 3
446, 3
447, 3
448, 3
449, 3
450, 3
451, 3
452, 3
453, 4
454, 3
455, 3
456, 4
457, 4
458, 3
459, 3
460, 3
461, 3
462, 3
463, 4
464, 3
465, 4
466, 4
467, 3
468, 3
469, 4
470, 3
471, 3
472, 3
473, 3
474, 3
475, 3
476, 3
477, 3
478, 3
479, 3
480, 3
481, 3
482, 3
483, 3
484, 3
485, 3
486, 3
487, 3
488, 3
489, 3
490, 3
491, 4
492, 4
493, 3
494, 3
495, 3
496, 3
497, 4
498, 4
499, 3
500, 4
501, 4
502, 4
503, 3
504, 3
505, 3
506, 3
507, 3
508, 3
509, 3
510, 3
511, 3
512, 3
513, 3
514, 3
515, 3
516, 3
517, 3
518, 3
519, 3
520, 3
521, 3
522, 3
523, 3
524, 3
525, 3
526, 3
527, 3
528, 3
529, 3
530, 3
531, 3
532, 3
533, 3
534, 3
535, 3
536, 3
537, 3
538, 3
539, 4
540, 3
541, 4
542, 3
543, 3
544, 3
545, 5
546, 4
547, 4
548, 4
549, 4
550, 4
551, 4
552, 4
553, 4
554, 4
555, 4
556, 4
557, 4
558, 4
559, 4
560, 4
561, 4
562, 4
563, 4
564, 4
565, 4
566, 4
567, 4
568, 4
569, 4
570, 4
571, 4
572, 4
573, 4
574, 4
575, 4
576, 4
577, 4
578, 4
579, 4
580, 4
581, 4
582, 4
583, 4
584, 4
585, 4
586, 4
587, 4
588, 5
589, 4
590, 4
591, 4
592, 4
593, 4
594, 4
595, 4
596, 4
597, 4
598, 4
599, 4
600, 4
601, 4
602, 4
603, 4
604, 4
605, 4
606, 4
607, 4
608, 4
609, 4
610, 4
611, 4
612, 4
613, 4
614, 4
615, 4
616, 4
617, 4
618, 4
619, 4
620, 4
621, 4
622, 5
623, 4
624, 4
625, 4
626, 4
627, 4
628, 4
629, 4
630, 4
631, 4
632, 4
633, 4
634, 4
635, 4
636, 4
637, 4
638, 4
639, 4
640, 4
641, 4
642, 4
643, 4
644, 4
645, 4
646, 4
647, 4
648, 4
649, 4
650, 4
651, 4
652, 4
653, 4
654, 4
655, 4
656, 4
657, 4
658, 4
659, 4
660, 4
661, 4
662, 4
663, 4
664, 5
665, 4
666, 4
667, 4
668, 4
669, 4
670, 4
671, 4
672, 4
673, 4
674, 4
675, 4
676, 4
677, 4
678, 4
679, 4
680, 4
681, 4
682, 5
683, 5
684, 5
685, 5
686, 5
687, 5
688, 5
689, 5
690, 5
691, 5
692, 5
693, 5
694, 5
695, 5
696, 5
697, 5
698, 5
699, 5
700, 5
701, 5
702, 5
703, 5
704, 5
705, 5
706, 5
707, 5
708, 5
709, 5
710, 5
711, 5
712, 5
713, 5
714, 5
715, 5
716, 5
717, 5
718, 5
719, 5
720, 5
721, 5
722, 5
723, 5
724, 5
725, 5
726, 5
727, 5
728, 5
729, 5
730, 5
731, 5
732, 5
733, 5
734, 5
735, 5
736, 5
737, 5
738, 5
739, 5
740, 5
741, 5
742, 5
743, 5
744, 5
745, 5
746, 5
747, 5
748, 5
749, 6
750, 5
751, 5
752, 5
753, 5
754, 5
755, 5
756, 5
757, 5
758, 5
759, 5
760, 5
761, 5
762, 5
763, 5
764, 5
765, 5
766, 5
767, 5
768, 5
769, 5
770, 5
771, 5
772, 5
773, 5
774, 5
775, 5
776, 5
777, 5
778, 5
779, 5
780, 5
781, 6
782, 5
783, 5
784, 5
785, 5
786, 5
787, 5
788, 6
789, 5
790, 5
791, 5
792, 5
793, 5
794, 5
795, 5
796, 5
797, 5
798, 5
799, 5
800, 5
801, 5
802, 5
803, 5
804, 5
805, 5
806, 5
807, 5
808, 5
809, 5
810, 5
811, 6
812, 6
813, 6
814, 6
815, 5
816, 6
817, 6
818, 6
819, 6
820, 6
821, 7
822, 6
823, 6
824, 6
825, 6
826, 6
827, 6
828, 6
829, 6
830, 6
831, 6
832, 6
833, 6
834, 6
835, 6
836, 6
837, 6
838, 6
839, 6
840, 6
841, 6
842, 6
843, 6
844, 6
845, 6
846, 6
847, 6
848, 6
849, 6
850, 6
851, 6
852, 6
853, 6
854, 6
855, 6
856, 6
857, 6
858, 7
859, 6
860, 6
861, 6
862, 6
863, 6
864, 6
865, 6
866, 6
867, 6
868, 6
869, 6
870, 6
871, 6
872, 6
873, 6
874, 6
875, 6
876, 6
877, 6
878, 6
879, 6
880, 6
881, 6
882, 6
883, 6
884, 6
885, 6
886, 6
887, 6
888, 6
889, 6
890, 6
891, 6
892, 6
893, 6
894, 6
895, 6
896, 6
897, 6
898, 6
899, 6
900, 7
901, 6
902, 6
903, 6
904, 7
905, 6
906, 6
907, 6
908, 7
909, 6
910, 6
911, 6
912, 6
913, 7
914, 6
915, 6
916, 6
917, 6
918, 6
919, 6
920, 6
921, 6
922, 6
923, 6
924, 6
925, 6
926, 6
927, 6
928, 7
929, 6
930, 6
931, 6
932, 6
933, 6
934, 6
935, 6
936, 6
937, 6
938, 6
939, 6
940, 6
941, 7
942, 8
943, 7
944, 7
945, 6
946, 7
947, 6
948, 7
949, 6
950, 7
951, 7
952, 7
953, 7
954, 7
955, 7
956, 7
957, 7
958, 7
959, 7
960, 7
961, 8
962, 7
963, 7
964, 7
965, 7
966, 7
967, 7
968, 7
969, 7
970, 7
971, 7
972, 7
973, 7
974, 7
975, 7
976, 7
977, 7
978, 7
979, 8
980, 7
981, 7
982, 7
983, 7
984, 7
985, 7
986, 7
987, 7
988, 7
989, 7
990, 7
991, 7
992, 7
993, 7
994, 7
995, 7
996, 7
997, 7
998, 7
999, 7
1000, 7
1001, 7
1002, 8
1003, 7
1004, 7
1005, 8
1006, 7
1007, 7
1008, 8
1009, 7
1010, 7
1011, 7
1012, 7
1013, 7
1014, 7
1015, 7
1016, 7
1017, 7
1018, 7
1019, 7
1020, 7
1021, 7
1022, 7
1023, 7
1024, 7
1025, 7
1026, 7
1027, 7
1028, 7
1029, 7
1030, 7
1031, 7
1032, 7
1033, 7
1034, 7
1035, 7
1036, 7
1037, 7
1038, 7
1039, 7
1040, 7
1041, 7
1042, 7
1043, 7
1044, 7
1045, 8
1046, 7
1047, 7
1048, 7
1049, 7
1050, 7
1051, 7
1052, 7
1053, 8
1054, 7
1055, 7
1056, 7
1057, 7
1058, 7
1059, 7
1060, 7
1061, 7
1062, 7
1063, 7
1064, 7
1065, 7
1066, 7
1067, 7
1068, 8
1069, 7
1070, 7
1071, 7
1072, 8
1073, 7
1074, 8
1075, 7
1076, 7
1077, 8
1078, 8
1079, 8
1080, 7
1081, 7
1082, 7
1083, 8
1084, 8
1085, 8
1086, 8
1087, 8
1088, 8
1089, 8
1090, 8
1091, 8
1092, 8
1093, 8
1094, 8
1095, 8
1096, 8
1097, 8
1098, 8
1099, 8
1100, 8
1101, 8
1102, 8
1103, 8
1104, 8
1105, 8
1106, 8
1107, 8
1108, 8
1109, 8
1110, 8
1111, 8
1112, 8
1113, 8
1114, 8
1115, 8
1116, 8
1117, 8
1118, 8
1119, 8
1120, 8
1121, 8
1122, 8
1123, 8
1124, 8
1125, 9
1126, 8
1127, 8
1128, 8
1129, 8
1130, 8
1131, 8
1132, 8
1133, 8
1134, 8
1135, 8
1136, 8
1137, 8
1138, 8
1139, 8
1140, 8
1141, 8
1142, 8
1143, 8
1144, 8
1145, 8
1146, 8
1147, 8
1148, 8
1149, 8
1150, 8
1151, 8
1152, 9
1153, 8
1154, 8
1155, 8
1156, 8
1157, 8
1158, 8
1159, 8
1160, 8
1161, 8
1162, 8
1163, 8
1164, 8
1165, 8
1166, 8
1167, 8
1168, 8
1169, 8
1170, 8
1171, 8
1172, 8
1173, 8
1174, 8
1175, 9
1176, 8
1177, 8
1178, 8
1179, 8
1180, 8
1181, 8
1182, 8
1183, 8
1184, 8
1185, 9
1186, 10
1187, 9
1188, 8
1189, 8
1190, 8
1191, 8
1192, 8
1193, 8
1194, 8
1195, 8
1196, 8
1197, 8
1198, 8
1199, 9
1200, 8
1201, 8
1202, 8
1203, 8
1204, 9
1205, 8
1206, 8
1207, 8
1208, 8
1209, 8
1210, 8
1211, 9
1212, 8
1213, 9
1214, 8
1215, 8
1216, 8
1217, 9
1218, 8
1219, 9
1220, 9
1221, 9
1222, 9
1223, 9
1224, 9
1225, 9
1226, 9
1227, 9
1228, 9
1229, 9
1230, 10
1231, 9
1232, 9
1233, 9
1234, 9
1235, 9
1236, 9
1237, 9
1238, 9
1239, 9
1240, 9
1241, 9
1242, 9
1243, 9
1244, 9
1245, 9
1246, 9
1247, 9
1248, 9
1249, 9
1250, 9
1251, 9
1252, 9
1253, 9
1254, 9
1255, 9
1256, 9
1257, 9
1258, 9
1259, 9
1260, 9
1261, 9
1262, 9
1263, 9
1264, 9
1265, 9
1266, 10
1267, 9
1268, 9
1269, 9
1270, 9
1271, 9
1272, 9
1273, 9
1274, 9
1275, 9
1276, 9
1277, 9
1278, 9
1279, 9
1280, 10
1281, 9
1282, 9
1283, 9
1284, 9
1285, 9
1286, 9
1287, 9
1288, 9
1289, 9
1290, 9
1291, 9
1292, 9
1293, 9
1294, 9
1295, 9
1296, 9
1297, 9
1298, 9
1299, 9
1300, 9
1301, 9
1302, 10
1303, 9
1304, 9
1305, 9
1306, 9
1307, 9
1308, 9
1309, 9
1310, 9
1311, 9
1312, 9
1313, 9
1314, 9
1315, 9
1316, 9
1317, 9
1318, 9
1319, 9
1320, 9
1321, 9
1322, 9
1323, 9
1324, 9
1325, 9
1326, 9
1327, 9
1328, 9
1329, 9
1330, 9
1331, 9
1332, 9
1333, 10
1334, 9
1335, 9
1336, 10
1337, 9
1338, 9
1339, 9
1340, 9
1341, 9
1342, 9
1343, 9
1344, 9
1345, 9
1346, 9
1347, 10
1348, 9
1349, 10
1350, 10
1351, 10
1352, 10
1353, 10
1354, 10
1355, 10
1356, 10
1357, 10
1358, 10
1359, 10
1360, 10
1361, 10
1362, 10
1363, 10
1364, 10
1365, 10
1366, 10
1367, 10
1368, 10
1369, 10
1370, 10
1371, 11
1372, 10
1373, 10
1374, 10
1375, 10
1376, 10
1377, 10
1378, 10
1379, 10
1380, 10
1381, 10
1382, 10
1383, 10
1384, 10
1385, 10
1386, 10
1387, 10
1388, 10
1389, 10
1390, 10
1391, 10
1392, 10
1393, 10
1394, 10
1395, 10
1396, 10
1397, 10
1398, 10
1399, 10
1400, 11
1401, 10
1402, 10
1403, 10
1404, 10
1405, 10
1406, 10
1407, 10
1408, 10
1409, 10
1410, 10
1411, 11
1412, 10
1413, 11
1414, 10
1415, 10
1416, 10
1417, 10
1418, 10
1419, 11
1420, 10
1421, 10
1422, 10
1423, 10
1424, 10
1425, 10
1426, 10
1427, 10
1428, 10
1429, 10
1430, 11
1431, 10
1432, 10
1433, 10
1434, 10
1435, 10
1436, 10
1437, 10
1438, 10
1439, 10
1440, 10
1441, 10
1442, 10
1443, 11
1444, 10
1445, 10
1446, 10
1447, 10
1448, 10
1449, 10
1450, 10
1451, 10
1452, 10
1453, 10
1454, 10
1455, 10
1456, 10
1457, 10
1458, 10
1459, 11
1460, 10
1461, 10
1462, 10
1463, 10
1464, 10
1465, 10
1466, 11
1467, 10
1468, 10
1469, 10
1470, 10
1471, 10
1472, 10
1473, 11
1474, 10
1475, 10
1476, 10
1477, 10
1478, 10
1479, 11
1480, 12
1481, 11
1482, 11
1483, 11
1484, 11
1485, 11
1486, 11
1487, 11
1488, 11
1489, 11
1490, 11
1491, 11
1492, 11
1493, 11
1494, 11
1495, 11
1496, 11
1497, 11
1498, 11
1499, 11
1500, 11
1501, 12
1502, 11
1503, 11
1504, 11
1505, 11
1506, 12
1507, 11
1508, 11
1509, 11
1510, 11
1511, 11
1512, 11
1513, 11
1514, 11
1515, 11
1516, 11
1517, 11
1518, 11
1519, 11
1520, 11
1521, 11
1522, 11
1523, 11
1524, 11
1525, 11
1526, 11
1527, 11
1528, 12
1529, 11
1530, 12
1531, 11
1532, 11
1533, 11
1534, 11
1535, 11
1536, 11
1537, 11
1538, 11
1539, 11
1540, 11
1541, 12
1542, 11
1543, 11
1544, 11
1545, 11
1546, 12
1547, 11
1548, 11
1549, 11
1550, 11
1551, 11
1552, 11
1553, 11
1554, 11
1555, 11
1556, 11
1557, 11
1558, 11
1559, 11
1560, 11
1561, 11
1562, 11
1563, 12
1564, 11
1565, 11
1566, 11
1567, 11
1568, 12
1569, 12
1570, 11
1571, 12
1572, 11
1573, 11
1574, 11
1575, 12
1576, 11
1577, 11
1578, 11
1579, 11
1580, 11
1581, 11
1582, 11
1583, 11
1584, 11
1585, 13
1586, 11
1587, 11
1588, 11
1589, 11
1590, 11
1591, 12
1592, 11
1593, 11
1594, 11
1595, 11
1596, 11
1597, 11
1598, 11
1599, 11
1600, 11
1601, 12
1602, 11
1603, 11
1604, 12
1605, 11
1606, 12
1607, 11
1608, 11
1609, 12
1610, 12
1611, 12
1612, 11
1613, 11
1614, 12
1615, 12
1616, 12
1617, 13
1618, 12
1619, 12
1620, 12
1621, 12
1622, 12
1623, 12
1624, 12
1625, 12
1626, 12
1627, 12
1628, 12
1629, 12
1630, 12
1631, 12
1632, 12
1633, 12
1634, 12
1635, 12
1636, 12
1637, 12
1638, 12
1639, 12
1640, 12
1641, 12
1642, 12
1643, 12
1644, 12
1645, 12
1646, 12
1647, 12
1648, 12
1649, 12
1650, 12
1651, 12
1652, 12
1653, 12
1654, 12
1655, 12
1656, 12
1657, 12
1658, 12
1659, 13
1660, 12
1661, 12
1662, 12
1663, 12
1664, 12
1665, 12
1666, 12
1667, 12
1668, 12
1669, 12
1670, 12
1671, 12
1672, 12
1673, 12
1674, 12
1675, 12
1676, 12
1677, 12
1678, 12
1679, 12
1680, 12
1681, 12
1682, 12
1683, 12
1684, 13
1685, 12
1686, 12
1687, 12
1688, 12
1689, 12
1690, 12
1691, 12
1692, 12
1693, 12
1694, 13
1695, 12
1696, 12
1697, 12
1698, 12
1699, 12
1700, 12
1701, 12
1702, 12
1703, 12
1704, 12
1705, 12
1706, 12
1707, 12
1708, 12
1709, 12
1710, 13
1711, 12
1712, 12
1713, 12
1714, 12
1715, 12
1716, 13
1717, 12
1718, 12
1719, 12
1720, 12
1721, 12
1722, 12
1723, 12
1724, 12
1725, 12
1726, 12
1727, 12
1728, 12
1729, 12
1730, 12
1731, 13
1732, 13
1733, 12
1734, 12
1735, 12
1736, 12
1737, 12
1738, 13
1739, 12
1740, 12
1741, 13
1742, 12
1743, 12
1744, 12
1745, 12
1746, 12
1747, 12
1748, 12
1749, 12
1750, 13
1751, 13
1752, 13
1753, 13
1754, 13
1755, 13
1756, 12
1757, 13
1758, 13
1759, 13
1760, 13
1761, 13
1762, 13
1763, 13
1764, 13
1765, 13
1766, 13
1767, 13
1768, 13
1769, 13
1770, 13
1771, 13
1772, 13
1773, 13
1774, 13
1775, 13
1776, 13
1777, 13
1778, 13
1779, 13
1780, 13
1781, 13
1782, 13
1783, 13
1784, 13
1785, 13
1786, 13
1787, 13
1788, 13
1789, 13
1790, 13
1791, 13
1792, 13
1793, 13
1794, 13
1795, 13
1796, 13
1797, 13
1798, 13
1799, 13
1800, 13
1801, 13
1802, 13
1803, 13
1804, 13
1805, 13
1806, 13
1807, 15
1808, 16
1809, 13
1810, 13
1811, 13
1812, 13
1813, 13
1814, 13
1815, 14
1816, 13
1817, 13
1818, 14
1819, 13
1820, 13
1821, 13
1822, 14
1823, 14
1824, 13
1825, 13
1826, 13
1827, 13
1828, 13
1829, 13
1830, 14
1831, 13
1832, 13
1833, 13
1834, 13
1835, 13
1836, 15
1837, 13
1838, 13
1839, 13
1840, 13
1841, 13
1842, 13
1843, 13
1844, 13
1845, 14
1846, 14
1847, 13
1848, 13
1849, 13
1850, 13
1851, 13
1852, 14
1853, 13
1854, 13
1855, 13
1856, 13
1857, 14
1858, 13
1859, 13
1860, 13
1861, 13
1862, 13
1863, 13
1864, 13
1865, 13
1866, 13
1867, 13
1868, 13
1869, 13
1870, 13
1871, 13
1872, 13
1873, 13
1874, 13
1875, 13
1876, 13
1877, 13
1878, 13
1879, 14
1880, 14
1881, 14
1882, 13
1883, 14
1884, 14
1885, 14
1886, 14
1887, 14
1888, 14
1889, 14
1890, 14
1891, 14
1892, 14
1893, 14
1894, 14
1895, 14
1896, 14
1897, 14
1898, 14
1899, 14
1900, 14
1901, 14
1902, 14
1903, 14
1904, 14
1905, 14
1906, 14
1907, 14
1908, 14
1909, 14
1910, 14
1911, 14
1912, 14
1913, 14
1914, 14
1915, 14
1916, 14
1917, 15
1918, 15
1919, 14
1920, 14
1921, 14
1922, 14
1923, 14
1924, 14
1925, 14
1926, 14
1927, 14
1928, 14
1929, 14
1930, 14
1931, 14
1932, 14
1933, 14
1934, 14
1935, 14
1936, 14
1937, 14
1938, 14
1939, 14
1940, 14
1941, 14
1942, 14
1943, 14
1944, 14
1945, 14
1946, 14
1947, 14
1948, 14
1949, 14
1950, 14
1951, 14
1952, 14
1953, 14
1954, 14
1955, 14
1956, 14
1957, 14
1958, 14
1959, 14
1960, 14
1961, 14
1962, 14
1963, 14
1964, 14
1965, 15
1966, 15
1967, 14
1968, 14
1969, 14
1970, 14
1971, 14
1972, 15
1973, 14
1974, 14
1975, 14
1976, 15
1977, 14
1978, 14
1979, 14
1980, 14
1981, 14
1982, 14
1983, 14
1984, 14
1985, 14
1986, 14
1987, 14
1988, 14
1989, 14
1990, 14
1991, 14
1992, 14
1993, 14
1994, 14
1995, 14
1996, 15
1997, 14
1998, 14
1999, 15
2000, 14
2001, 15
2002, 15
2003, 15
2004, 15
2005, 14
2006, 15
2007, 15
2008, 14
2009, 15
2010, 14
2011, 15
2012, 15
2013, 14
2014, 15
2015, 15
2016, 15
2017, 14
2018, 14
2019, 15
2020, 14
2021, 15
2022, 15
2023, 15
2024, 15
2025, 15
2026, 15
2027, 15
2028, 15
2029, 15
2030, 15
2031, 15
2032, 15
2033, 15
2034, 15
2035, 15
2036, 15
2037, 15
2038, 15
2039, 15
2040, 15
2041, 15
2042, 15
2043, 15
2044, 15
2045, 15
2046, 15
2047, 15
2048, 15
2049, 15
2050, 15
2051, 15
2052, 15
2053, 15
2054, 15
2055, 15
2056, 15
2057, 15
2058, 15
2059, 15
2060, 15
2061, 15
2062, 15
2063, 15
2064, 15
2065, 15
2066, 15
2067, 15
2068, 15
2069, 15
2070, 15
2071, 15
2072, 15
2073, 15
2074, 15
2075, 15
2076, 15
2077, 16
2078, 15
2079, 15
2080, 15
2081, 15
2082, 15
2083, 15
2084, 15
2085, 15
2086, 15
2087, 15
2088, 15
2089, 17
2090, 16
2091, 15
2092, 15
2093, 15
2094, 15
2095, 15
2096, 15
2097, 15
2098, 15
2099, 15
2100, 15
2101, 15
2102, 15
2103, 15
2104, 15
2105, 15
2106, 16
2107, 15
2108, 15
2109, 15
2110, 15
2111, 16
2112, 15
2113, 15
2114, 15
2115, 15
2116, 15
2117, 15
2118, 15
2119, 15
2120, 15
2121, 15
2122, 15
2123, 15
2124, 15
2125, 15
2126, 15
2127, 15
2128, 15
2129, 15
2130, 15
2131, 16
2132, 16
2133, 15
2134, 15
2135, 15
2136, 15
2137, 15
2138, 15
2139, 15
2140, 15
2141, 15
2142, 15
2143, 15
2144, 16
2145, 16
2146, 15
2147, 15
2148, 15
2149, 17
2150, 16
2151, 16
2152, 16
2153, 15
2154, 16
2155, 16
2156, 17
2157, 16
2158, 16
2159, 16
2160, 16
2161, 16
2162, 16
2163, 16
2164, 16
2165, 16
2166, 16
2167, 16
2168, 16
2169, 18
2170, 18
2171, 16
2172, 16
2173, 16
2174, 17
2175, 16
2176, 16
2177, 16
2178, 16
2179, 16
2180, 16
2181, 17
2182, 16
2183, 16
2184, 16
2185, 16
2186, 16
2187, 16
2188, 16
2189, 16
2190, 16
2191, 17
2192, 16
2193, 16
2194, 16
2195, 16
2196, 16
2197, 16
2198, 16
2199, 16
2200, 16
2201, 16
2202, 16
2203, 17
2204, 16
2205, 16
2206, 16
2207, 16
2208, 16
2209, 16
2210, 16
2211, 16
2212, 16
2213, 16
2214, 16
2215, 16
2216, 16
2217, 16
2218, 16
2219, 16
2220, 17
2221, 16
2222, 16
2223, 16
2224, 16
2225, 16
2226, 16
2227, 16
2228, 17
2229, 16
2230, 16
2231, 16
2232, 16
2233, 16
2234, 16
2235, 16
2236, 16
2237, 16
2238, 16
2239, 16
2240, 16
2241, 18
2242, 16
2243, 16
2244, 16
2245, 17
2246, 16
2247, 18
2248, 16
2249, 16
2250, 16
2251, 16
2252, 17
2253, 17
2254, 17
2255, 16
2256, 16
2257, 16
2258, 16
2259, 17
2260, 16
2261, 16
2262, 17
2263, 16
2264, 17
2265, 16
2266, 16
2267, 16
2268, 16
2269, 16
2270, 16
2271, 16
2272, 16
2273, 16
2274, 16
2275, 16
2276, 16
2277, 17
2278, 16
2279, 17
2280, 18
2281, 16
2282, 16
2283, 16
2284, 16
2285, 16
2286, 17
2287, 17
2288, 17
2289, 17
2290, 17
2291, 17
2292, 17
2293, 17
2294, 17
2295, 17
2296, 17
2297, 17
2298, 17
2299, 17
2300, 17
2301, 17
2302, 17
2303, 17
2304, 17
2305, 17
2306, 17
2307, 17
2308, 17
2309, 17
2310, 17
2311, 17
2312, 17
2313, 17
2314, 17
2315, 17
2316, 17
2317, 17
2318, 17
2319, 17
2320, 17
2321, 17
2322, 17
2323, 17
2324, 18
2325, 17
2326, 17
2327, 17
2328, 17
2329, 17
2330, 17
2331, 18
2332, 17
2333, 17
2334, 18
2335, 17
2336, 17
2337, 17
2338, 17
2339, 17
2340, 17
2341, 17
2342, 17
2343, 17
2344, 17
2345, 17
2346, 17
2347, 17
2348, 17
2349, 17
2350, 17
2351, 17
2352, 17
2353, 17
2354, 17
2355, 17
2356, 17
2357, 17
2358, 17
2359, 17
2360, 17
2361, 17
2362, 17
2363, 17
2364, 18
2365, 17
2366, 17
2367, 17
2368, 18
2369, 17
2370, 18
2371, 17
2372, 17
2373, 17
2374, 17
2375, 18
2376, 17
2377, 18
2378, 17
2379, 19
2380, 18
2381, 17
2382, 17
2383, 17
2384, 17
2385, 17
2386, 17
2387, 17
2388, 17
2389, 17
2390, 17
2391, 18
2392, 18
2393, 20
2394, 17
2395, 17
2396, 17
2397, 17
2398, 17
2399, 17
2400, 18
2401, 17
2402, 17
2403, 17
2404, 17
2405, 17
2406, 17
2407, 17
2408, 17
2409, 17
2410, 19
2411, 18
2412, 19
2413, 19
2414, 18
2415, 17
2416, 17
2417, 18
2418, 17
2419, 18
2420, 18
2421, 18
2422, 18
2423, 18
2424, 20
2425, 19
2426, 18
2427, 18
2428, 19
2429, 18
2430, 19
2431, 18
2432, 18
2433, 18
2434, 19
2435, 18
2436, 18
2437, 18
2438, 18
2439, 18
2440, 18
2441, 18
2442, 18
2443, 18
2444, 18
2445, 18
2446, 18
2447, 18
2448, 19
2449, 19
2450, 18
2451, 19
2452, 18
2453, 19
2454, 18
2455, 18
2456, 18
2457, 18
2458, 18
2459, 18
2460, 18
2461, 18
2462, 18
2463, 18
2464, 18
2465, 18
2466, 18
2467, 18
2468, 18
2469, 18
2470, 18
2471, 18
2472, 18
2473, 18
2474, 18
2475, 18
2476, 19
2477, 18
2478, 18
2479, 19
2480, 19
2481, 18
2482, 18
2483, 19
2484, 18
2485, 18
2486, 18
2487, 19
2488, 18
2489, 18
2490, 18
2491, 18
2492, 18
2493, 19
2494, 19
2495, 19
2496, 18
2497, 19
2498, 20
2499, 18
2500, 18
2501, 18
2502, 18
2503, 19
2504, 18
2505, 18
2506, 18
2507, 18
2508, 18
2509, 18
2510, 18
2511, 18
2512, 18
2513, 18
2514, 18
2515, 18
2516, 18
2517, 18
2518, 19
2519, 19
2520, 19
2521, 19
2522, 19
2523, 19
2524, 19
2525, 19
2526, 19
2527, 19
2528, 19
2529, 19
2530, 20
2531, 18
2532, 18
2533, 18
2534, 18
2535, 18
2536, 19
2537, 19
2538, 18
2539, 19
2540, 18
2541, 18
2542, 18
2543, 18
2544, 18
2545, 18
2546, 18
2547, 18
2548, 18
2549, 19
2550, 19
2551, 18
2552, 19
2553, 19
2554, 21
2555, 18
2556, 19
2557, 19
2558, 19
2559, 19
2560, 19
2561, 20
2562, 20
2563, 19
2564, 19
2565, 19
2566, 19
2567, 19
2568, 19
2569, 19
2570, 19
2571, 19
2572, 20
2573, 20
2574, 19
2575, 19
2576, 19
2577, 19
2578, 19
2579, 20
2580, 19
2581, 19
2582, 20
2583, 19
2584, 20
2585, 19
2586, 19
2587, 19
2588, 20
2589, 21
2590, 19
2591, 19
2592, 19
2593, 19
2594, 19
2595, 19
2596, 19
2597, 19
2598, 19
2599, 19
2600, 19
2601, 19
2602, 19
2603, 19
2604, 19
2605, 19
2606, 19
2607, 19
2608, 19
2609, 19
2610, 19
2611, 19
2612, 19
2613, 19
2614, 19
2615, 19
2616, 19
2617, 19
2618, 19
2619, 20
2620, 19
2621, 19
2622, 21
2623, 20
2624, 19
2625, 19
2626, 19
2627, 19
2628, 19
2629, 20
2630, 20
2631, 19
2632, 19
2633, 19
2634, 19
2635, 19
2636, 19
2637, 19
2638, 19
2639, 19
2640, 19
2641, 19
2642, 19
2643, 19
2644, 19
2645, 19
2646, 19
2647, 20
2648, 19
2649, 19
2650, 19
2651, 19
2652, 19
2653, 20
2654, 19
2655, 19
2656, 20
2657, 20
2658, 19
2659, 19
2660, 21
2661, 19
2662, 19
2663, 20
2664, 19
2665, 19
2666, 19
2667, 19
2668, 19
2669, 19
2670, 19
2671, 19
2672, 21
2673, 19
2674, 20
2675, 19
2676, 19
2677, 20
2678, 21
2679, 19
2680, 19
2681, 19
2682, 21
2683, 20
2684, 19
2685, 20
2686, 20
2687, 20
2688, 20
2689, 20
2690, 20
2691, 20
2692, 20
2693, 20
2694, 20
2695, 20
2696, 20
2697, 20
2698, 20
2699, 20
2700, 20
2701, 20
2702, 20
2703, 21
2704, 20
2705, 20
2706, 20
2707, 20
2708, 20
2709, 20
2710, 20
2711, 20
2712, 20
2713, 20
2714, 20
2715, 20
2716, 20
2717, 21
2718, 20
2719, 20
2720, 21
2721, 20
2722, 20
2723, 20
2724, 20
2725, 20
2726, 20
2727, 20
2728, 20
2729, 20
2730, 20
2731, 20
2732, 20
2733, 20
2734, 20
2735, 20
2736, 20
2737, 20
2738, 20
2739, 20
2740, 20
2741, 20
2742, 20
2743, 20
2744, 20
2745, 20
2746, 20
2747, 20
2748, 20
2749, 21
2750, 20
2751, 20
2752, 21
2753, 20
2754, 20
2755, 20
2756, 21
2757, 20
2758, 20
2759, 22
2760, 21
2761, 21
2762, 21
2763, 21
2764, 20
2765, 20
2766, 21
2767, 20
2768, 20
2769, 20
2770, 20
2771, 20
2772, 20
2773, 20
2774, 20
2775, 20
2776, 20
2777, 20
2778, 20
2779, 20
2780, 20
2781, 20
2782, 20
2783, 21
2784, 20
2785, 20
2786, 20
2787, 20
2788, 20
2789, 20
2790, 20
2791, 20
2792, 20
2793, 20
2794, 20
2795, 21
2796, 20
2797, 20
2798, 21
2799, 20
2800, 20
2801, 20
2802, 20
2803, 20
2804, 20
2805, 20
2806, 20
2807, 20
2808, 21
2809, 20
2810, 20
2811, 21
2812, 20
2813, 21
2814, 20
2815, 20
2816, 21
2817, 21
2818, 21
2819, 20
2820, 21
2821, 21
2822, 20
2823, 21
2824, 21
2825, 20
2826, 21
2827, 21
2828, 21
2829, 21
2830, 21
2831, 21
2832, 21
2833, 21
2834, 21
2835, 21
2836, 21
2837, 22
2838, 21
2839, 21
2840, 21
2841, 21
2842, 21
2843, 24
2844, 21
2845, 21
2846, 21
2847, 21
2848, 21
2849, 21
2850, 21
2851, 21
2852, 21
2853, 21
2854, 21
2855, 21
2856, 21
2857, 21
2858, 21
2859, 21
2860, 21
2861, 21
2862, 21
2863, 21
2864, 23
2865, 21
2866, 21
2867, 21
2868, 21
2869, 22
2870, 22
2871, 21
2872, 21
2873, 21
2874, 21
2875, 21
2876, 21
2877, 22
2878, 21
2879, 21
2880, 21
2881, 21
2882, 21
2883, 21
2884, 21
2885, 21
2886, 21
2887, 23
2888, 21
2889, 21
2890, 21
2891, 21
2892, 21
2893, 21
2894, 21
2895, 22
2896, 21
2897, 21
2898, 21
2899, 21
2900, 21
2901, 22
2902, 21
2903, 21
2904, 21
2905, 21
2906, 22
2907, 21
2908, 21
2909, 21
2910, 23
2911, 22
2912, 22
2913, 22
2914, 22
2915, 22
2916, 22
2917, 21
2918, 21
2919, 22
2920, 21
2921, 21
2922, 21
2923, 21
2924, 21
2925, 21
2926, 21
2927, 21
2928, 22
2929, 21
2930, 21
2931, 21
2932, 23
2933, 21
2934, 21
2935, 21
2936, 21
2937, 22
2938, 21
2939, 21
2940, 21
2941, 21
2942, 22
2943, 21
2944, 21
2945, 21
2946, 22
2947, 22
2948, 22
2949, 22
2950, 22
2951, 22
2952, 22
2953, 22
2954, 22
2955, 22
2956, 23
2957, 23
2958, 21
2959, 22
2960, 22
2961, 22
2962, 21
2963, 22
2964, 22
2965, 23
2966, 23
2967, 22
2968, 22
2969, 22
2970, 22
2971, 22
2972, 22
2973, 22
2974, 22
2975, 22
2976, 22
2977, 22
2978, 22
2979, 22
2980, 22
2981, 22
2982, 22
2983, 22
2984, 22
2985, 23
2986, 23
2987, 23
2988, 23
2989, 23
2990, 23
2991, 22
2992, 22
2993, 22
2994, 22
2995, 22
2996, 23
2997, 22
2998, 22
2999, 22
3000, 22
3001, 24
3002, 22
3003, 22
3004, 23
3005, 23
3006, 23
3007, 22
3008, 22
3009, 23
3010, 22
3011, 22
3012, 22
3013, 22
3014, 22
3015, 22
3016, 22
3017, 22
3018, 24
3019, 23
3020, 23
3021, 22
3022, 23
3023, 23
3024, 23
3025, 25
3026, 22
3027, 22
3028, 23
3029, 22
3030, 22
3031, 22
3032, 22
3033, 22
3034, 22
3035, 22
3036, 24
3037, 23
3038, 23
3039, 23
3040, 22
3041, 22
3042, 22
3043, 22
3044, 23
3045, 22
3046, 23
3047, 22
3048, 22
3049, 22
3050, 22
3051, 22
3052, 23
3053, 22
3054, 22
3055, 23
3056, 22
3057, 22
3058, 22
3059, 22
3060, 22
3061, 22
3062, 22
3063, 22
3064, 22
3065, 22
3066, 22
3067, 24
3068, 24
3069, 24
3070, 23
3071, 24
3072, 23
3073, 22
3074, 23
3075, 23
3076, 23
3077, 23
3078, 24
3079, 22
3080, 23
3081, 22
3082, 23
3083, 22
3084, 22
3085, 23
3086, 25
3087, 23
3088, 23
3089, 23
3090, 23
3091, 23
3092, 22
3093, 23
3094, 24
3095, 23
3096, 23
3097, 23
3098, 22
3099, 22
3100, 22
3101, 22
3102, 24
3103, 24
3104, 23
3105, 23
3106, 23
3107, 23
3108, 23
3109, 23
3110, 23
3111, 23
3112, 24
3113, 24
3114, 23
3115, 23
3116, 23
3117, 23
3118, 23
3119, 23
3120, 23
3121, 23
3122, 23
3123, 23
3124, 23
3125, 25
3126, 23
3127, 24
3128, 24
3129, 23
3130, 23
3131, 23
3132, 23
3133, 23
3134, 23
3135, 23
3136, 23
3137, 23
3138, 23
3139, 23
3140, 23
3141, 23
3142, 23
3143, 23
3144, 23
3145, 23
3146, 23
3147, 23
3148, 23
3149, 23
3150, 23
3151, 23
3152, 23
3153, 24
3154, 23
3155, 23
3156, 23
3157, 23
3158, 23
3159, 23
3160, 23
3161, 25
3162, 23
3163, 23
3164, 23
3165, 23
3166, 24
3167, 23
3168, 23
3169, 23
3170, 23
3171, 23
3172, 25
3173, 23
3174, 23
3175, 23
3176, 23
3177, 23
3178, 23
3179, 24
3180, 23
3181, 23
3182, 24
3183, 23
3184, 23
3185, 24
3186, 23
3187, 24
3188, 24
3189, 24
3190, 24
3191, 24
3192, 24
3193, 24
3194, 24
3195, 23
3196, 23
3197, 23
3198, 23
3199, 23
3200, 23
3201, 23
3202, 24
3203, 25
3204, 24
3205, 23
3206, 24
3207, 24
3208, 24
3209, 24
3210, 24
3211, 26
3212, 23
3213, 23
3214, 23
3215, 23
3216, 23
3217, 23
3218, 24
3219, 24
3220, 24
3221, 23
3222, 24
3223, 23
3224, 23
3225, 23
3226, 24
3227, 24
3228, 24
3229, 23
3230, 24
3231, 24
3232, 24
3233, 24
3234, 23
3235, 24
3236, 24
3237, 23
3238, 24
3239, 24
3240, 23
3241, 23
3242, 24
3243, 24
3244, 24
3245, 24
3246, 24
3247, 24
3248, 24
3249, 24
3250, 27
3251, 24
3252, 25
3253, 24
3254, 24
3255, 24
3256, 24
3257, 24
3258, 24
3259, 24
3260, 24
3261, 25
3262, 24
3263, 24
3264, 24
3265, 24
3266, 24
3267, 24
3268, 24
3269, 24
3270, 24
3271, 24
3272, 24
3273, 24
3274, 24
3275, 24
3276, 24
3277, 24
3278, 24
3279, 24
3280, 24
3281, 24
3282, 24
3283, 24
3284, 25
3285, 25
3286, 26
3287, 25
3288, 24
3289, 24
3290, 24
3291, 24
3292, 26
3293, 24
3294, 24
3295, 24
3296, 24
3297, 26
3298, 24
3299, 24
3300, 25
3301, 24
3302, 24
3303, 24
3304, 24
3305, 26
3306, 28
3307, 25
3308, 25
3309, 26
3310, 24
3311, 24
3312, 24
3313, 24
3314, 24
3315, 24
3316, 25
3317, 24
3318, 24
3319, 24
3320, 24
3321, 25
3322, 25
3323, 24
3324, 24
3325, 24
3326, 24
3327, 24
3328, 24
3329, 24
3330, 24
3331, 24
3332, 25
3333, 24
3334, 24
3335, 25
3336, 24
3337, 24
3338, 24
3339, 25
3340, 25
3341, 24
3342, 24
3343, 24
3344, 24
3345, 24
3346, 25
3347, 24
3348, 25
3349, 24
3350, 24
3351, 24
3352, 24
3353, 24
3354, 24
3355, 24
3356, 25
3357, 25
3358, 24
3359, 25
3360, 26
3361, 24
3362, 26
3363, 26
3364, 25
3365, 26
3366, 26
3367, 25
3368, 25
3369, 26
3370, 25
3371, 25
3372, 25
3373, 25
3374, 26
3375, 25
3376, 25
3377, 25
3378, 25
3379, 25
3380, 25
3381, 25
3382, 25
3383, 27
3384, 25
3385, 25
3386, 25
3387, 25
3388, 25
3389, 25
3390, 25
3391, 25
3392, 25
3393, 25
3394, 25
3395, 25
3396, 25
3397, 25
3398, 25
3399, 25
3400, 25
3401, 25
3402, 25
3403, 25
3404, 25
3405, 25
3406, 25
3407, 25
3408, 25
3409, 25
3410, 25
3411, 26
3412, 25
3413, 25
3414, 25
3415, 27
3416, 26
3417, 25
3418, 25
3419, 27
3420, 25
3421, 25
3422, 25
3423, 25
3424, 25
3425, 26
3426, 25
3427, 26
3428, 25
3429, 25
3430, 26
3431, 26
3432, 25
3433, 25
3434, 25
3435, 25
3436, 25
3437, 26
3438, 25
3439, 25
3440, 25
3441, 27
3442, 25
3443, 26
3444, 26
3445, 26
3446, 27
3447, 26
3448, 25
3449, 26
3450, 26
3451, 25
3452, 25
3453, 25
3454, 25
3455, 25
3456, 25
3457, 25
3458, 25
3459, 25
3460, 25
3461, 25
3462, 25
3463, 25
3464, 26
3465, 25
3466, 26
3467, 25
3468, 25
3469, 25
3470, 27
3471, 25
3472, 25
3473, 25
3474, 25
3475, 25
3476, 25
3477, 26
3478, 26
3479, 26
3480, 25
3481, 25
3482, 25
3483, 25
3484, 25
3485, 25
3486, 26
3487, 26
3488, 25
3489, 26
3490, 25
3491, 25
3492, 26
3493, 25
3494, 26
3495, 26
3496, 26
3497, 25
3498, 26
3499, 26
3500, 26
3501, 26
3502, 26
3503, 26
3504, 25
3505, 26
3506, 26
3507, 26
3508, 26
3509, 26
3510, 26
3511, 26
3512, 26
3513, 26
3514, 26
3515, 27
3516, 26
3517, 28
3518, 27
3519, 26
3520, 26
3521, 26
3522, 26
3523, 26
3524, 26
3525, 26
3526, 26
3527, 26
3528, 26
3529, 26
3530, 26
3531, 26
3532, 26
3533, 26
3534, 26
3535, 26
3536, 27
3537, 26
3538, 26
3539, 27
3540, 28
3541, 26
3542, 26
3543, 26
3544, 26
3545, 26
3546, 27
3547, 26
3548, 26
3549, 26
3550, 26
3551, 27
3552, 27
3553, 26
3554, 26
3555, 26
3556, 26
3557, 26
3558, 26
3559, 26
3560, 26
3561, 26
3562, 26
3563, 26
3564, 26
3565, 26
3566, 26
3567, 26
3568, 26
3569, 26
3570, 26
3571, 26
3572, 26
3573, 26
3574, 26
3575, 27
3576, 26
3577, 26
3578, 26
3579, 26
3580, 27
3581, 26
3582, 27
3583, 26
3584, 26
3585, 26
3586, 26
3587, 26
3588, 26
3589, 26
3590, 26
3591, 27
3592, 26
3593, 26
3594, 26
3595, 26
3596, 26
3597, 26
3598, 26
3599, 26
3600, 26
3601, 26
3602, 26
3603, 27
3604, 27
3605, 27
3606, 27
3607, 28
3608, 26
3609, 26
3610, 26
3611, 26
3612, 27
3613, 29
3614, 28
3615, 26
3616, 26
3617, 26
3618, 26
3619, 26
3620, 27
3621, 27
3622, 27
3623, 27
3624, 27
3625, 26
3626, 26
3627, 26
3628, 28
3629, 26
3630, 26
3631, 27
3632, 27
3633, 28
3634, 28
3635, 27
3636, 27
3637, 26
3638, 27
3639, 27
3640, 27
3641, 27
3642, 28
3643, 27
3644, 27
3645, 27
3646, 27
3647, 27
3648, 27
3649, 27
3650, 27
3651, 27
3652, 29
3653, 27
3654, 27
3655, 27
3656, 28
3657, 27
3658, 27
3659, 27
3660, 27
3661, 27
3662, 27
3663, 27
3664, 28
3665, 27
3666, 27
3667, 27
3668, 27
3669, 27
3670, 27
3671, 27
3672, 27
3673, 27
3674, 28
3675, 27
3676, 27
3677, 27
3678, 28
3679, 27
3680, 27
3681, 27
3682, 27
3683, 27
3684, 27
3685, 27
3686, 27
3687, 27
3688, 27
3689, 28
3690, 27
3691, 27
3692, 28
3693, 28
3694, 27
3695, 29
3696, 27
3697, 27
3698, 29
3699, 27
3700, 29
3701, 28
3702, 27
3703, 27
3704, 28
3705, 28
3706, 27
3707, 27
3708, 28
3709, 27
3710, 27
3711, 29
3712, 28
3713, 29
3714, 27
3715, 27
3716, 27
3717, 28
3718, 29
3719, 27
3720, 27
3721, 27
3722, 28
3723, 28
3724, 27
3725, 27
3726, 28
3727, 27
3728, 27
3729, 28
3730, 27
3731, 27
3732, 28
3733, 27
3734, 28
3735, 29
3736, 29
3737, 29
3738, 30
3739, 30
3740, 28
3741, 28
3742, 28
3743, 28
3744, 28
3745, 28
3746, 28
3747, 28
3748, 28
3749, 28
3750, 28
3751, 29
3752, 27
3753, 27
3754, 27
3755, 27
3756, 27
3757, 28
3758, 28
3759, 27
3760, 27
3761, 27
3762, 28
3763, 28
3764, 28
3765, 27
3766, 28
3767, 29
3768, 28
3769, 28
3770, 28
3771, 28
3772, 28
3773, 28
3774, 28
3775, 28
3776, 28
3777, 28
3778, 28
3779, 28
3780, 28
3781, 28
3782, 28
3783, 28
3784, 28
3785, 28
3786, 28
3787, 28
3788, 28
3789, 28
3790, 28
3791, 29
3792, 29
3793, 28
3794, 28
3795, 29
3796, 28
3797, 28
3798, 28
3799, 28
3800, 28
3801, 28
3802, 28
3803, 28
3804, 28
3805, 28
3806, 28
3807, 28
3808, 28
3809, 28
3810, 28
3811, 28
3812, 28
3813, 30
3814, 28
3815, 28
3816, 28
3817, 28
3818, 28
3819, 29
3820, 28
3821, 28
3822, 28
3823, 28
3824, 28
3825, 28
3826, 28
3827, 29
3828, 28
3829, 28
3830, 28
3831, 28
3832, 28
3833, 29
3834, 28
3835, 28
3836, 28
3837, 28
3838, 28
3839, 28
3840, 28
3841, 28
3842, 28
3843, 28
3844, 29
3845, 28
3846, 28
3847, 28
3848, 28
3849, 28
3850, 28
3851, 28
3852, 28
3853, 28
3854, 29
3855, 28
3856, 28
3857, 29
3858, 29
3859, 28
3860, 28
3861, 28
3862, 29
3863, 28
3864, 29
3865, 28
3866, 30
3867, 28
3868, 29
3869, 28
3870, 28
3871, 28
3872, 29
3873, 28
3874, 29
3875, 29
3876, 28
3877, 28
3878, 29
3879, 29
3880, 28
3881, 28
3882, 28
3883, 28
3884, 29
3885, 28
3886, 31
3887, 29
3888, 30
3889, 29
3890, 28
3891, 29
3892, 28
3893, 28
3894, 28
3895, 29
3896, 28
3897, 28
3898, 28
3899, 29
3900, 29
3901, 29
3902, 29
3903, 29
3904, 30
3905, 28
3906, 29
3907, 30
3908, 29
3909, 29
3910, 29
3911, 29
3912, 29
3913, 29
3914, 29
3915, 29
3916, 29
3917, 29
3918, 29
3919, 29
3920, 29
3921, 29
3922, 29
3923, 29
3924, 29
3925, 29
3926, 29
3927, 29
3928, 30
3929, 29
3930, 29
3931, 29
3932, 29
3933, 29
3934, 30
3935, 29
3936, 29
3937, 29
3938, 29
3939, 30
3940, 29
3941, 29
3942, 29
3943, 29
3944, 29
3945, 29
3946, 29
3947, 29
3948, 29
3949, 29
3950, 29
3951, 29
3952, 29
3953, 30
3954, 29
3955, 29
3956, 29
3957, 29
3958, 29
3959, 29
3960, 29
3961, 29
3962, 29
3963, 29
3964, 34
3965, 29
3966, 29
3967, 29
3968, 29
3969, 29
3970, 29
3971, 29
3972, 29
3973, 29
3974, 29
3975, 29
3976, 29
3977, 29
3978, 29
3979, 30
3980, 29
3981, 29
3982, 29
3983, 29
3984, 30
3985, 29
3986, 29
3987, 29
3988, 29
3989, 29
3990, 29
3991, 29
3992, 29
3993, 29
3994, 29
3995, 29
3996, 29
3997, 30
3998, 30
3999, 29
4000, 30
4001, 29
4002, 29
4003, 30
4004, 29
4005, 29
4006, 29
4007, 29
4008, 29
4009, 29
4010, 29
4011, 29
4012, 29
4013, 29
4014, 29
4015, 30
4016, 30
4017, 30
4018, 29
4019, 29
4020, 29
4021, 29
4022, 29
4023, 29
4024, 29
4025, 29
4026, 29
4027, 29
4028, 30
4029, 30
4030, 30
4031, 30
4032, 31
4033, 29
4034, 29
4035, 29
4036, 30
4037, 31
4038, 30
4039, 30
4040, 30
4041, 30
4042, 30
4043, 30
4044, 30
4045, 29
4046, 30
4047, 30
4048, 30
4049, 30
4050, 30
4051, 30
4052, 31
4053, 30
4054, 30
4055, 30
4056, 30
4057, 30
4058, 30
4059, 30
4060, 30
4061, 30
4062, 30
4063, 30
4064, 30
4065, 30
4066, 30
4067, 30
4068, 30
4069, 30
4070, 30
4071, 30
4072, 30
4073, 30
4074, 30
4075, 30
4076, 30
4077, 30
4078, 30
4079, 30
4080, 30
4081, 30
4082, 30
4083, 30
4084, 30
4085, 30
4086, 30
4087, 30
4088, 31
4089, 30
4090, 30
4091, 30
4092, 31
4093, 30
4094, 30
4095, 30
4096, 30
4097, 30
4098, 30
4099, 30
4100, 30
4101, 30
4102, 30
4103, 30
4104, 30
4105, 30
4106, 30
4107, 31
4108, 30
4109, 30
4110, 30
4111, 30
4112, 30
4113, 30
4114, 30
4115, 30
4116, 30
4117, 30
4118, 30
4119, 30
4120, 30
4121, 30
4122, 30
4123, 30
4124, 30
4125, 30
4126, 30
4127, 30
4128, 30
4129, 30
4130, 30
4131, 31
4132, 30
4133, 30
4134, 30
4135, 30
4136, 30
4137, 30
4138, 30
4139, 30
4140, 30
4141, 30
4142, 30
4143, 30
4144, 30
4145, 31
4146, 30
4147, 30
4148, 31
4149, 30
4150, 30
4151, 30
4152, 30
4153, 30
4154, 31
4155, 30
4156, 30
4157, 30
4158, 30
4159, 30
4160, 31
4161, 32
4162, 30
4163, 30
4164, 30
4165, 30
4166, 31
4167, 31
4168, 30
4169, 31
4170, 31
4171, 31
4172, 30
4173, 31
4174, 31
4175, 31
4176, 31
4177, 31
4178, 31
4179, 31
4180, 31
4181, 31
4182, 31
4183, 31
4184, 31
4185, 31
4186, 31
4187, 31
4188, 31
4189, 31
4190, 31
4191, 31
4192, 31
4193, 31
4194, 31
4195, 32
4196, 31
4197, 31
4198, 31
4199, 31
4200, 31
4201, 31
4202, 31
4203, 31
4204, 31
4205, 31
4206, 31
4207, 32
4208, 31
4209, 31
4210, 31
4211, 31
4212, 31
4213, 31
4214, 31
4215, 31
4216, 32
4217, 31
4218, 31
4219, 31
4220, 31
4221, 31
4222, 31
4223, 31
4224, 31
4225, 31
4226, 31
4227, 31
4228, 31
4229, 31
4230, 32
4231, 31
4232, 31
4233, 31
4234, 31
4235, 31
4236, 31
4237, 31
4238, 31
4239, 31
4240, 31
4241, 31
4242, 31
4243, 31
4244, 31
4245, 31
4246, 31
4247, 31
4248, 31
4249, 31
4250, 31
4251, 32
4252, 31
4253, 32
4254, 31
4255, 31
4256, 31
4257, 31
4258, 32
4259, 31
4260, 31
4261, 31
4262, 32
4263, 31
4264, 32
4265, 31
4266, 31
4267, 31
4268, 32
4269, 31
4270, 31
4271, 31
4272, 31
4273, 31
4274, 31
4275, 31
4276, 31
4277, 31
4278, 31
4279, 31
4280, 31
4281, 31
4282, 31
4283, 31
4284, 31
4285, 31
4286, 31
4287, 32
4288, 31
4289, 32
4290, 31
4291, 31
4292, 31
4293, 32
4294, 32
4295, 32
4296, 31
4297, 31
4298, 32
4299, 33
4300, 31
4301, 32
4302, 31
4303, 31
4304, 32
4305, 32
4306, 32
4307, 32
4308, 32
4309, 32
4310, 32
4311, 32
4312, 32
4313, 32
4314, 32
4315, 32
4316, 32
4317, 32
4318, 32
4319, 32
4320, 33
4321, 32
4322, 32
4323, 32
4324, 32
4325, 33
4326, 32
4327, 32
4328, 32
4329, 32
4330, 32
4331, 32
4332, 32
4333, 32
4334, 32
4335, 32
4336, 32
4337, 32
4338, 32
4339, 32
4340, 32
4341, 32
4342, 32
4343, 32
4344, 32
4345, 32
4346, 32
4347, 32
4348, 32
4349, 32
4350, 32
4351, 32
4352, 32
4353, 32
4354, 32
4355, 32
4356, 32
4357, 32
4358, 32
4359, 32
4360, 32
4361, 32
4362, 32
4363, 32
4364, 32
4365, 32
4366, 32
4367, 32
4368, 32
4369, 32
4370, 32
4371, 32
4372, 32
4373, 32
4374, 32
4375, 32
4376, 33
4377, 32
4378, 32
4379, 32
4380, 32
4381, 32
4382, 32
4383, 32
4384, 32
4385, 32
4386, 33
4387, 32
4388, 33
4389, 32
4390, 32
4391, 32
4392, 32
4393, 32
4394, 32
4395, 32
4396, 32
4397, 32
4398, 33
4399, 32
4400, 32
4401, 32
4402, 34
4403, 33
4404, 32
4405, 32
4406, 32
4407, 32
4408, 32
4409, 32
4410, 32
4411, 32
4412, 32
4413, 32
4414, 32
4415, 33
4416, 32
4417, 33
4418, 33
4419, 32
4420, 32
4421, 32
4422, 32
4423, 32
4424, 33
4425, 32
4426, 32
4427, 32
4428, 33
4429, 33
4430, 32
4431, 32
4432, 32
4433, 33
4434, 33
4435, 33
4436, 32
4437, 32
4438, 33
4439, 33
4440, 33
4441, 33
4442, 33
4443, 33
4444, 32
4445, 33
4446, 33
4447, 33
4448, 33
4449, 33
4450, 34
4451, 33
4452, 33
4453, 33
4454, 33
4455, 33
4456, 33
4457, 33
4458, 33
4459, 33
4460, 33
4461, 33
4462, 33
4463, 33
4464, 33
4465, 33
4466, 33
4467, 33
4468, 33
4469, 33
4470, 33
4471, 33
4472, 33
4473, 33
4474, 33
4475, 33
4476, 33
4477, 33
4478, 33
4479, 33
4480, 33
4481, 33
4482, 33
4483, 33
4484, 33
4485, 33
4486, 33
4487, 33
4488, 33
4489, 33
4490, 33
4491, 33
4492, 33
4493, 33
4494, 33
4495, 33
4496, 33
4497, 33
4498, 33
4499, 33
4500, 33
4501, 34
4502, 33
4503, 33
4504, 33
4505, 33
4506, 34
4507, 33
4508, 33
4509, 34
4510, 33
4511, 33
4512, 33
4513, 33
4514, 33
4515, 33
4516, 33
4517, 33
4518, 34
4519, 33
4520, 33
4521, 33
4522, 33
4523, 33
4524, 34
4525, 33
4526, 33
4527, 33
4528, 33
4529, 33
4530, 33
4531, 33
4532, 33
4533, 33
4534, 33
4535, 33
4536, 33
4537, 34
4538, 34
4539, 34
4540, 33
4541, 34
4542, 33
4543, 33
4544, 33
4545, 33
4546, 33
4547, 34
4548, 33
4549, 34
4550, 33
4551, 33
4552, 33
4553, 33
4554, 33
4555, 33
4556, 33
4557, 33
4558, 34
4559, 34
4560, 33
4561, 34
4562, 34
4563, 34
4564, 34
4565, 34
4566, 34
4567, 34
4568, 33
4569, 34
4570, 34
4571, 33
4572, 34
4573, 34
4574, 34
4575, 34
4576, 34
4577, 34
4578, 34
4579, 34
4580, 35
4581, 34
4582, 34
4583, 34
4584, 34
4585, 34
4586, 34
4587, 34
4588, 34
4589, 34
4590, 34
4591, 34
4592, 34
4593, 34
4594, 34
4595, 34
4596, 34
4597, 34
4598, 34
4599, 34
4600, 34
4601, 34
4602, 34
4603, 34
4604, 34
4605, 34
4606, 34
4607, 34
4608, 34
4609, 34
4610, 34
4611, 34
4612, 34
4613, 34
4614, 34
4615, 34
4616, 34
4617, 34
4618, 34
4619, 34
4620, 34
4621, 34
4622, 34
4623, 34
4624, 34
4625, 34
4626, 34
4627, 34
4628, 34
4629, 35
4630, 34
4631, 34
4632, 34
4633, 34
4634, 34
4635, 34
4636, 34
4637, 34
4638, 34
4639, 34
4640, 34
4641, 34
4642, 34
4643, 34
4644, 34
4645, 34
4646, 35
4647, 34
4648, 34
4649, 35
4650, 34
4651, 34
4652, 34
4653, 34
4654, 34
4655, 34
4656, 34
4657, 34
4658, 36
4659, 34
4660, 34
4661, 34
4662, 34
4663, 34
4664, 34
4665, 34
4666, 34
4667, 34
4668, 34
4669, 35
4670, 34
4671, 34
4672, 34
4673, 34
4674, 34
4675, 34
4676, 34
4677, 34
4678, 34
4679, 34
4680, 34
4681, 35
4682, 34
4683, 34
4684, 34
4685, 35
4686, 35
4687, 35
4688, 34
4689, 35
4690, 34
4691, 34
4692, 34
4693, 34
4694, 34
4695, 34
4696, 34
4697, 34
4698, 35
4699, 34
4700, 34
4701, 34
4702, 34
4703, 34
4704, 35
4705, 35
4706, 34
4707, 34
4708, 34
4709, 35
4710, 35
4711, 34
4712, 35
4713, 35
4714, 35
4715, 35
4716, 35
4717, 34
4718, 35
4719, 36
4720, 35
4721, 35
4722, 35
4723, 35
4724, 35
4725, 35
4726, 35
4727, 35
4728, 35
4729, 35
4730, 35
4731, 35
4732, 35
4733, 35
4734, 35
4735, 35
4736, 35
4737, 35
4738, 35
4739, 35
4740, 35
4741, 35
4742, 35
4743, 35
4744, 36
4745, 35
4746, 35
4747, 35
4748, 35
4749, 35
4750, 35
4751, 35
4752, 35
4753, 36
4754, 36
4755, 35
4756, 35
4757, 35
4758, 35
4759, 35
4760, 35
4761, 35
4762, 35
4763, 35
4764, 35
4765, 35
4766, 35
4767, 35
4768, 35
4769, 35
4770, 36
4771, 35
4772, 35
4773, 35
4774, 35
4775, 35
4776, 35
4777, 35
4778, 35
4779, 35
4780, 35
4781, 35
4782, 36
4783, 35
4784, 35
4785, 35
4786, 35
4787, 35
4788, 36
4789, 35
4790, 35
4791, 35
4792, 35
4793, 35
4794, 35
4795, 35
4796, 35
4797, 36
4798, 35
4799, 37
4800, 35
4801, 35
4802, 36
4803, 35
4804, 35
4805, 35
4806, 35
4807, 35
4808, 35
4809, 35
4810, 36
4811, 36
4812, 36
4813, 35
4814, 36
4815, 35
4816, 36
4817, 35
4818, 35
4819, 36
4820, 35
4821, 35
4822, 36
4823, 35
4824, 35
4825, 35
4826, 36
4827, 36
4828, 35
4829, 36
4830, 35
4831, 35
4832, 36
4833, 36
4834, 35
4835, 36
4836, 36
4837, 35
4838, 36
4839, 36
4840, 36
4841, 36
4842, 36
4843, 36
4844, 36
4845, 36
4846, 36
4847, 36
4848, 36
4849, 36
4850, 36
4851, 36
4852, 36
4853, 36
4854, 36
4855, 36
4856, 36
4857, 36
4858, 36
4859, 36
4860, 36
4861, 36
4862, 36
4863, 36
4864, 36
4865, 36
4866, 36
4867, 36
4868, 36
4869, 36
4870, 36
4871, 36
4872, 36
4873, 36
4874, 36
4875, 36
4876, 36
4877, 37
4878, 36
4879, 36
4880, 36
4881, 36
4882, 36
4883, 36
4884, 36
4885, 37
4886, 37
4887, 36
4888, 36
4889, 36
4890, 36
4891, 37
4892, 36
4893, 36
4894, 36
4895, 36
4896, 36
4897, 36
4898, 36
4899, 36
4900, 36
4901, 36
4902, 36
4903, 36
4904, 36
4905, 36
4906, 36
4907, 36
4908, 36
4909, 36
4910, 36
4911, 36
4912, 36
4913, 36
4914, 36
4915, 36
4916, 37
4917, 37
4918, 36
4919, 36
4920, 36
4921, 36
4922, 37
4923, 37
4924, 36
4925, 36
4926, 36
4927, 37
4928, 36
4929, 36
4930, 36
4931, 36
4932, 36
4933, 36
4934, 36
4935, 36
4936, 36
4937, 36
4938, 36
4939, 36
4940, 36
4941, 36
4942, 36
4943, 36
4944, 37
4945, 36
4946, 36
4947, 36
4948, 36
4949, 36
4950, 36
4951, 36
4952, 36
4953, 36
4954, 36
4955, 36
4956, 36
4957, 38
4958, 37
4959, 36
4960, 36
4961, 36
4962, 36
4963, 37
4964, 37
4965, 37
4966, 37
4967, 39
4968, 36
4969, 37
4970, 36
4971, 36
4972, 36
4973, 37
4974, 37
4975, 37
4976, 37
4977, 37
4978, 37
4979, 37
4980, 37
4981, 37
4982, 37
4983, 37
4984, 37
4985, 37
4986, 37
4987, 37
4988, 37
4989, 37
4990, 37
4991, 37
4992, 37
4993, 37
4994, 37
4995, 37
4996, 37
4997, 37
4998, 37
4999, 37
