10, 0
11, 0
12, 0
13, 0
14, 0
15, 0
16, 0
17, 0
18, 0
19, 0
20, 0
21, 0
22, 0
23, 0
24, 0
25, 0
26, 0
27, 0
28, 0
29, 0
30, 0
31, 0
32, 0
33, 0
34, 0
35, 0
36, 0
37, 0
38, 0
39, 0
40, 0
41, 0
42, 0
43, 0
44, 0
45, 0
46, 0
47, 0
48, 0
49, 0
50, 0
51, 0
52, 0
53, 0
54, 0
55, 0
56, 0
57, 0
58, 0
59, 0
60, 0
61, 0
62, 0
63, 0
64, 0
65, 0
66, 0
67, 0
68, 0
69, 0
70, 0
71, 0
72, 0
73, 0
74, 0
75, 0
76, 0
77, 0
78, 0
79, 0
80, 0
81, 0
82, 0
83, 0
84, 0
85, 0
86, 0
87, 0
88, 0
89, 0
90, 0
91, 0
92, 0
93, 0
94, 0
95, 0
96, 0
97, 0
98, 0
99, 0
100, 0
101, 0
102, 0
103, 0
104, 0
105, 0
106, 0
107, 0
108, 0
109, 0
110, 0
111, 0
112, 0
113, 0
114, 0
115, 0
116, 0
117, 0
118, 0
119, 0
120, 0
121, 0
122, 0
123, 0
124, 0
125, 0
126, 0
127, 0
128, 0
129, 0
130, 0
131, 0
132, 0
133, 0
134, 0
135, 0
136, 0
137, 0
138, 0
139, 0
140, 0
141, 0
142, 0
143, 0
144, 0
145, 0
146, 0
147, 1
148, 0
149, 0
150, 0
151, 0
152, 0
153, 0
154, 0
155, 0
156, 0
157, 0
158, 0
159, 0
160, 0
161, 0
162, 0
163, 0
164, 0
165, 0
166, 0
167, 0
168, 0
169, 0
170, 1
171, 1
172, 1
173, 1
174, 1
175, 1
176, 1
177, 1
178, 1
179, 1
180, 1
181, 1
182, 1
183, 1
184, 1
185, 1
186, 1
187, 1
188, 1
189, 1
190, 1
191, 1
192, 1
193, 1
194, 1
195, 1
196, 1
197, 1
198, 1
199, 1
200, 1
201, 1
202, 1
203, 1
204, 1
205, 1
206, 1
207, 1
208, 1
209, 1
210, 1
211, 1
212, 1
213, 1
214, 1
215, 1
216, 1
217, 1
218, 1
219, 1
220, 1
221, 1
222, 1
223, 1
224, 1
225, 1
226, 1
227, 1
228, 1
229, 1
230, 1
231, 1
232, 1
233, 1
234, 1
235, 1
236, 1
237, 1
238, 1
239, 1
240, 1
241, 1
242, 1
243, 1
244, 1
245, 1
246, 1
247, 1
248, 1
249, 1
250, 1
251, 1
252, 1
253, 1
254, 1
255, 1
256, 1
257, 1
258, 1
259, 1
260, 1
261, 1
262, 1
263, 2
264, 1
265, 1
266, 1
267, 1
268, 1
269, 1
270, 1
271, 1
272, 1
273, 1
274, 1
275, 1
276, 1
277, 1
278, 1
279, 1
280, 1
281, 1
282, 1
283, 1
284, 1
285, 1
286, 1
287, 1
288, 1
289, 1
290, 1
291, 1
292, 1
293, 1
294, 1
295, 1
296, 1
297, 1
298, 1
299, 1
300, 1
301, 1
302, 1
303, 1
304, 1
305, 1
306, 1
307, 1
308, 1
309, 2
310, 2
311, 1
312, 1
313, 1
314, 1
315, 1
316, 1
317, 1
318, 1
319, 1
320, 1
321, 1
322, 1
323, 1
324, 1
325, 1
326, 1
327, 1
328, 1
329, 1
330, 1
331, 1
332, 1
333, 1
334, 1
335, 1
336, 1
337, 1
338, 2
339, 2
340, 2
341, 2
342, 2
343, 2
344, 2
345, 2
346, 2
347, 2
348, 2
349, 2
350, 2
351, 2
352, 2
353, 2
354, 2
355, 2
356, 2
357, 2
358, 2
359, 2
360, 2
361, 2
362, 2
363, 2
364, 2
365, 2
366, 2
367, 2
368, 2
369, 2
370, 2
371, 2
372, 2
373, 2
374, 2
375, 2
376, 2
377, 2
378, 2
379, 3
380, 2
381, 2
382, 2
383, 2
384, 2
385, 2
386, 2
387, 2
388, 2
389, 2
390, 2
391, 2
392, 2
393, 2
394, 2
395, 2
396, 2
397, 2
398, 2
399, 2
400, 2
401, 2
402, 2
403, 2
404, 2
405, 2
406, 2
407, 2
408, 2
409, 2
410, 2
411, 2
412, 2
413, 2
414, 2
415, 2
416, 2
417, 2
418, 2
419, 2
420, 2
421, 2
422, 2
423, 2
424, 2
425, 2
426, 2
427, 2
428, 2
429, 2
430, 2
431, 2
432, 2
433, 2
434, 2
435, 2
436, 2
437, 2
438, 2
439, 2
440, 2
441, 2
442, 2
443, 2
444, 2
445, 2
446, 2
447, 2
448, 2
449, 3
450, 2
451, 2
452, 2
453, 2
454, 2
455, 2
456, 2
457, 2
458, 2
459, 2
460, 2
461, 2
462, 2
463, 2
464, 2
465, 2
466, 2
467, 2
468, 2
469, 2
470, 2
471, 2
472, 2
473, 2
474, 2
475, 2
476, 2
477, 2
478, 2
479, 2
480, 2
481, 2
482, 2
483, 2
484, 2
485, 2
486, 3
487, 2
488, 2
489, 2
490, 2
491, 2
492, 2
493, 2
494, 2
495, 2
496, 2
497, 3
498, 2
499, 2
500, 2
501, 3
502, 3
503, 2
504, 3
505, 3
506, 3
507, 3
508, 3
509, 3
510, 3
511, 3
512, 3
513, 3
514, 3
515, 3
516, 3
517, 3
518, 3
519, 3
520, 3
521, 3
522, 3
523, 3
524, 3
525, 3
526, 3
527, 3
528, 3
529, 3
530, 3
531, 3
532, 3
533, 3
534, 3
535, 3
536, 3
537, 3
538, 3
539, 3
540, 3
541, 3
542, 3
543, 3
544, 3
545, 3
546, 3
547, 3
548, 3
549, 3
550, 3
551, 3
552, 3
553, 3
554, 3
555, 3
556, 3
557, 3
558, 3
559, 3
560, 3
561, 3
562, 3
563, 3
564, 3
565, 3
566, 3
567, 3
568, 3
569, 3
570, 3
571, 3
572, 3
573, 3
574, 3
575, 3
576, 3
577, 3
578, 3
579, 3
580, 3
581, 3
582, 3
583, 3
584, 3
585, 3
586, 3
587, 3
588, 3
589, 3
590, 3
591, 3
592, 3
593, 3
594, 3
595, 3
596, 3
597, 3
598, 3
599, 3
600, 3
601, 3
602, 3
603, 3
604, 3
605, 3
606, 3
607, 3
608, 3
609, 3
610, 3
611, 3
612, 3
613, 3
614, 3
615, 3
616, 3
617, 3
618, 3
619, 3
620, 3
621, 4
622, 3
623, 3
624, 3
625, 3
626, 3
627, 3
628, 3
629, 3
630, 3
631, 3
632, 4
633, 3
634, 3
635, 3
636, 3
637, 3
638, 3
639, 3
640, 3
641, 3
642, 3
643, 3
644, 3
645, 3
646, 3
647, 3
648, 3
649, 3
650, 4
651, 3
652, 3
653, 3
654, 3
655, 3
656, 3
657, 3
658, 3
659, 3
660, 3
661, 3
662, 4
663, 3
664, 3
665, 3
666, 3
667, 4
668, 3
669, 4
670, 4
671, 3
672, 4
673, 4
674, 4
675, 4
676, 4
677, 4
678, 4
679, 4
680, 4
681, 4
682, 4
683, 4
684, 4
685, 4
686, 4
687, 4
688, 4
689, 4
690, 4
691, 4
692, 4
693, 4
694, 4
695, 4
696, 4
697, 4
698, 4
699, 4
700, 4
701, 4
702, 4
703, 4
704, 4
705, 4
706, 4
707, 4
708, 4
709, 4
710, 4
711, 4
712, 4
713, 4
714, 4
715, 4
716, 4
717, 4
718, 4
719, 4
720, 4
721, 4
722, 4
723, 4
724, 4
725, 4
726, 4
727, 4
728, 4
729, 4
730, 4
731, 4
732, 4
733, 4
734, 4
735, 4
736, 4
737, 4
738, 4
739, 4
740, 4
741, 4
742, 4
743, 4
744, 4
745, 4
746, 4
747, 4
748, 4
749, 4
750, 4
751, 4
752, 4
753, 4
754, 4
755, 4
756, 4
757, 4
758, 4
759, 4
760, 4
761, 4
762, 4
763, 4
764, 4
765, 4
766, 4
767, 4
768, 4
769, 4
770, 4
771, 4
772, 4
773, 4
774, 4
775, 4
776, 4
777, 4
778, 4
779, 4
780, 4
781, 4
782, 4
783, 4
784, 4
785, 4
786, 4
787, 4
788, 4
789, 4
790, 4
791, 4
792, 4
793, 4
794, 4
795, 4
796, 4
797, 4
798, 4
799, 4
800, 4
801, 4
802, 4
803, 4
804, 4
805, 4
806, 4
807, 4
808, 4
809, 4
810, 4
811, 4
812, 4
813, 4
814, 4
815, 4
816, 4
817, 4
818, 4
819, 4
820, 4
821, 4
822, 4
823, 4
824, 4
825, 4
826, 4
827, 4
828, 4
829, 4
830, 4
831, 5
832, 5
833, 5
834, 5
835, 5
836, 5
837, 5
838, 5
839, 5
840, 5
841, 5
842, 5
843, 5
844, 5
845, 5
846, 5
847, 5
848, 5
849, 5
850, 5
851, 5
852, 5
853, 5
854, 5
855, 5
856, 5
857, 5
858, 5
859, 5
860, 5
861, 5
862, 5
863, 5
864, 5
865, 5
866, 5
867, 5
868, 5
869, 5
870, 5
871, 5
872, 5
873, 5
874, 5
875, 5
876, 5
877, 5
878, 5
879, 5
880, 5
881, 5
882, 5
883, 5
884, 5
885, 5
886, 5
887, 5
888, 5
889, 5
890, 5
891, 5
892, 5
893, 5
894, 5
895, 5
896, 5
897, 5
898, 5
899, 5
900, 5
901, 5
902, 5
903, 5
904, 5
905, 5
906, 5
907, 5
908, 5
909, 5
910, 5
911, 5
912, 5
913, 5
914, 5
915, 5
916, 5
917, 5
918, 5
919, 5
920, 5
921, 5
922, 5
923, 5
924, 5
925, 5
926, 5
927, 5
928, 5
929, 5
930, 5
931, 5
932, 5
933, 5
934, 5
935, 5
936, 5
937, 5
938, 5
939, 5
940, 5
941, 5
942, 5
943, 5
944, 5
945, 5
946, 5
947, 5
948, 5
949, 5
950, 5
951, 5
952, 5
953, 7
954, 5
955, 6
956, 5
957, 5
958, 5
959, 5
960, 5
961, 5
962, 5
963, 5
964, 5
965, 5
966, 5
967, 6
968, 6
969, 5
970, 5
971, 5
972, 5
973, 5
974, 5
975, 5
976, 5
977, 5
978, 5
979, 5
980, 5
981, 5
982, 5
983, 5
984, 6
985, 6
986, 5
987, 5
988, 5
989, 5
990, 6
991, 5
992, 6
993, 6
994, 6
995, 5
996, 5
997, 5
998, 5
999, 5
1000, 5
1001, 6
1002, 6
1003, 6
1004, 6
1005, 6
1006, 6
1007, 6
1008, 6
1009, 6
1010, 6
1011, 6
1012, 6
1013, 6
1014, 6
1015, 6
1016, 6
1017, 6
1018, 6
1019, 6
1020, 6
1021, 6
1022, 6
1023, 6
1024, 6
1025, 6
1026, 6
1027, 6
1028, 6
1029, 6
1030, 6
1031, 6
1032, 6
1033, 6
1034, 6
1035, 6
1036, 6
1037, 6
1038, 6
1039, 6
1040, 6
1041, 6
1042, 6
1043, 6
1044, 6
1045, 6
1046, 6
1047, 6
1048, 6
1049, 6
1050, 6
1051, 6
1052, 6
1053, 6
1054, 6
1055, 6
1056, 6
1057, 6
1058, 6
1059, 6
1060, 6
1061, 6
1062, 6
1063, 6
1064, 6
1065, 6
1066, 6
1067, 6
1068, 6
1069, 6
1070, 6
1071, 6
1072, 6
1073, 6
1074, 6
1075, 6
1076, 6
1077, 6
1078, 6
1079, 6
1080, 6
1081, 6
1082, 6
1083, 6
1084, 6
1085, 6
1086, 6
1087, 6
1088, 6
1089, 6
1090, 6
1091, 6
1092, 6
1093, 6
1094, 6
1095, 6
1096, 6
1097, 6
1098, 6
1099, 6
1100, 6
1101, 6
1102, 6
1103, 6
1104, 6
1105, 6
1106, 6
1107, 6
1108, 6
1109, 6
1110, 6
1111, 6
1112, 6
1113, 6
1114, 6
1115, 6
1116, 6
1117, 6
1118, 6
1119, 6
1120, 6
1121, 6
1122, 6
1123, 6
1124, 6
1125, 6
1126, 6
1127, 6
1128, 6
1129, 6
1130, 6
1131, 6
1132, 6
1133, 6
1134, 6
1135, 6
1136, 6
1137, 6
1138, 6
1139, 6
1140, 6
1141, 6
1142, 6
1143, 6
1144, 6
1145, 6
1146, 6
1147, 6
1148, 6
1149, 6
1150, 6
1151, 7
1152, 6
1153, 6
1154, 7
1155, 6
1156, 7
1157, 6
1158, 8
1159, 7
1160, 7
1161, 6
1162, 7
1163, 7
1164, 7
1165, 7
1166, 7
1167, 7
1168, 7
1169, 7
1170, 7
1171, 7
1172, 7
1173, 7
1174, 7
1175, 7
1176, 7
1177, 7
1178, 7
1179, 7
1180, 7
1181, 7
1182, 7
1183, 7
1184, 7
1185, 7
1186, 7
1187, 7
1188, 7
1189, 7
1190, 7
1191, 7
1192, 7
1193, 7
1194, 7
1195, 7
1196, 7
1197, 7
1198, 7
1199, 7
1200, 7
1201, 7
1202, 7
1203, 7
1204, 7
1205, 7
1206, 7
1207, 7
1208, 7
1209, 7
1210, 7
1211, 7
1212, 7
1213, 7
1214, 7
1215, 7
1216, 8
1217, 7
1218, 7
1219, 7
1220, 7
1221, 7
1222, 7
1223, 7
1224, 7
1225, 7
1226, 7
1227, 7
1228, 7
1229, 7
1230, 7
1231, 7
1232, 7
1233, 7
1234, 7
1235, 7
1236, 7
1237, 7
1238, 7
1239, 7
1240, 7
1241, 7
1242, 7
1243, 7
1244, 7
1245, 7
1246, 7
1247, 7
1248, 7
1249, 7
1250, 7
1251, 7
1252, 7
1253, 7
1254, 7
1255, 7
1256, 7
1257, 7
1258, 7
1259, 7
1260, 7
1261, 7
1262, 7
1263, 7
1264, 7
1265, 7
1266, 7
1267, 7
1268, 7
1269, 7
1270, 7
1271, 7
1272, 7
1273, 7
1274, 7
1275, 7
1276, 7
1277, 7
1278, 7
1279, 7
1280, 7
1281, 7
1282, 7
1283, 7
1284, 7
1285, 7
1286, 7
1287, 7
1288, 7
1289, 7
1290, 7
1291, 7
1292, 7
1293, 7
1294, 7
1295, 7
1296, 7
1297, 7
1298, 7
1299, 7
1300, 7
1301, 7
1302, 7
1303, 7
1304, 7
1305, 7
1306, 7
1307, 7
1308, 7
1309, 7
1310, 7
1311, 7
1312, 7
1313, 7
1314, 7
1315, 7
1316, 8
1317, 8
1318, 7
1319, 8
1320, 7
1321, 7
1322, 7
1323, 7
1324, 8
1325, 8
1326, 8
1327, 8
1328, 8
1329, 8
1330, 8
1331, 8
1332, 8
1333, 8
1334, 8
1335, 8
1336, 8
1337, 8
1338, 8
1339, 8
1340, 8
1341, 8
1342, 8
1343, 8
1344, 8
1345, 8
1346, 8
1347, 8
1348, 8
1349, 8
1350, 8
1351, 8
1352, 8
1353, 8
1354, 8
1355, 8
1356, 8
1357, 8
1358, 8
1359, 8
1360, 8
1361, 8
1362, 8
1363, 8
1364, 8
1365, 8
1366, 8
1367, 8
1368, 8
1369, 8
1370, 8
1371, 8
1372, 8
1373, 8
1374, 8
1375, 8
1376, 8
1377, 8
1378, 8
1379, 8
1380, 8
1381, 8
1382, 8
1383, 8
1384, 8
1385, 8
1386, 8
1387, 8
1388, 8
1389, 8
1390, 8
1391, 9
1392, 8
1393, 8
1394, 8
1395, 8
1396, 8
1397, 8
1398, 8
1399, 8
1400, 8
1401, 8
1402, 8
1403, 8
1404, 8
1405, 8
1406, 8
1407, 8
1408, 8
1409, 8
1410, 8
1411, 9
1412, 8
1413, 8
1414, 8
1415, 8
1416, 8
1417, 8
1418, 8
1419, 8
1420, 8
1421, 8
1422, 8
1423, 8
1424, 8
1425, 8
1426, 9
1427, 8
1428, 8
1429, 8
1430, 8
1431, 8
1432, 8
1433, 8
1434, 8
1435, 8
1436, 8
1437, 8
1438, 9
1439, 8
1440, 8
1441, 8
1442, 8
1443, 8
1444, 8
1445, 8
1446, 8
1447, 8
1448, 8
1449, 8
1450, 8
1451, 8
1452, 8
1453, 8
1454, 8
1455, 8
1456, 8
1457, 8
1458, 8
1459, 8
1460, 8
1461, 8
1462, 8
1463, 8
1464, 8
1465, 8
1466, 8
1467, 8
1468, 8
1469, 8
1470, 8
1471, 8
1472, 8
1473, 9
1474, 8
1475, 8
1476, 8
1477, 8
1478, 8
1479, 8
1480, 9
1481, 8
1482, 9
1483, 8
1484, 8
1485, 8
1486, 8
1487, 9
1488, 9
1489, 9
1490, 9
1491, 9
1492, 9
1493, 9
1494, 9
1495, 9
1496, 9
1497, 9
1498, 9
1499, 9
1500, 9
1501, 9
1502, 9
1503, 9
1504, 9
1505, 9
1506, 9
1507, 9
1508, 9
1509, 9
1510, 9
1511, 9
1512, 9
1513, 9
1514, 9
1515, 9
1516, 9
1517, 9
1518, 9
1519, 9
1520, 9
1521, 9
1522, 9
1523, 9
1524, 9
1525, 9
1526, 9
1527, 9
1528, 9
1529, 9
1530, 9
1531, 9
1532, 9
1533, 9
1534, 9
1535, 9
1536, 9
1537, 9
1538, 9
1539, 9
1540, 9
1541, 9
1542, 9
1543, 9
1544, 9
1545, 9
1546, 9
1547, 9
1548, 9
1549, 9
1550, 9
1551, 9
1552, 9
1553, 9
1554, 9
1555, 9
1556, 9
1557, 9
1558, 9
1559, 9
1560, 9
1561, 9
1562, 9
1563, 9
1564, 9
1565, 9
1566, 9
1567, 9
1568, 9
1569, 9
1570, 9
1571, 9
1572, 9
1573, 9
1574, 9
1575, 9
1576, 9
1577, 9
1578, 9
1579, 9
1580, 9
1581, 9
1582, 9
1583, 9
1584, 9
1585, 9
1586, 9
1587, 9
1588, 9
1589, 9
1590, 9
1591, 9
1592, 9
1593, 9
1594, 9
1595, 9
1596, 9
1597, 9
1598, 9
1599, 9
1600, 9
1601, 9
1602, 9
1603, 9
1604, 9
1605, 9
1606, 9
1607, 9
1608, 9
1609, 9
1610, 9
1611, 9
1612, 9
1613, 9
1614, 9
1615, 9
1616, 9
1617, 9
1618, 9
1619, 9
1620, 10
1621, 10
1622, 9
1623, 9
1624, 9
1625, 9
1626, 9
1627, 9
1628, 9
1629, 9
1630, 9
1631, 9
1632, 9
1633, 9
1634, 9
1635, 9
1636, 9
1637, 9
1638, 9
1639, 10
1640, 10
1641, 9
1642, 9
1643, 10
1644, 10
1645, 10
1646, 10
1647, 10
1648, 10
1649, 10
1650, 9
1651, 10
1652, 9
1653, 10
1654, 10
1655, 10
1656, 10
1657, 10
1658, 10
1659, 10
1660, 10
1661, 10
1662, 10
1663, 10
1664, 10
1665, 10
1666, 10
1667, 10
1668, 10
1669, 10
1670, 10
1671, 10
1672, 10
1673, 10
1674, 10
1675, 10
1676, 10
1677, 10
1678, 10
1679, 10
1680, 10
1681, 11
1682, 10
1683, 10
1684, 10
1685, 10
1686, 10
1687, 10
1688, 10
1689, 10
1690, 10
1691, 10
1692, 10
1693, 10
1694, 10
1695, 10
1696, 10
1697, 10
1698, 10
1699, 10
1700, 10
1701, 10
1702, 10
1703, 10
1704, 10
1705, 10
1706, 10
1707, 10
1708, 10
1709, 10
1710, 10
1711, 10
1712, 10
1713, 10
1714, 10
1715, 10
1716, 10
1717, 10
1718, 10
1719, 10
1720, 10
1721, 10
1722, 10
1723, 10
1724, 10
1725, 10
1726, 10
1727, 10
1728, 10
1729, 10
1730, 10
1731, 10
1732, 10
1733, 10
1734, 10
1735, 10
1736, 10
1737, 10
1738, 10
1739, 10
1740, 10
1741, 10
1742, 10
1743, 11
1744, 10
1745, 10
1746, 10
1747, 10
1748, 10
1749, 10
1750, 10
1751, 10
1752, 10
1753, 10
1754, 10
1755, 10
1756, 10
1757, 10
1758, 10
1759, 10
1760, 10
1761, 10
1762, 10
1763, 10
1764, 10
1765, 10
1766, 10
1767, 10
1768, 10
1769, 10
1770, 10
1771, 10
1772, 10
1773, 10
1774, 11
1775, 10
1776, 10
1777, 10
1778, 10
1779, 10
1780, 10
1781, 10
1782, 10
1783, 10
1784, 10
1785, 10
1786, 10
1787, 10
1788, 10
1789, 10
1790, 10
1791, 10
1792, 10
1793, 12
1794, 10
1795, 10
1796, 11
1797, 11
1798, 10
1799, 10
1800, 10
1801, 11
1802, 10
1803, 11
1804, 11
1805, 10
1806, 11
1807, 11
1808, 10
1809, 10
1810, 11
1811, 11
1812, 10
1813, 11
1814, 10
1815, 11
1816, 11
1817, 11
1818, 11
1819, 11
1820, 11
1821, 11
1822, 11
1823, 11
1824, 11
1825, 11
1826, 11
1827, 11
1828, 11
1829, 11
1830, 11
1831, 11
1832, 11
1833, 11
1834, 11
1835, 11
1836, 11
1837, 11
1838, 11
1839, 11
1840, 11
1841, 11
1842, 11
1843, 11
1844, 11
1845, 11
1846, 11
1847, 11
1848, 11
1849, 11
1850, 11
1851, 11
1852, 11
1853, 11
1854, 11
1855, 11
1856, 11
1857, 11
1858, 11
1859, 11
1860, 11
1861, 11
1862, 11
1863, 11
1864, 11
1865, 11
1866, 11
1867, 11
1868, 11
1869, 11
1870, 11
1871, 11
1872, 11
1873, 11
1874, 11
1875, 11
1876, 11
1877, 11
1878, 11
1879, 11
1880, 11
1881, 11
1882, 11
1883, 11
1884, 11
1885, 11
1886, 11
1887, 11
1888, 11
1889, 11
1890, 11
1891, 11
1892, 11
1893, 11
1894, 11
1895, 11
1896, 11
1897, 11
1898, 11
1899, 11
1900, 11
1901, 11
1902, 11
1903, 11
1904, 11
1905, 11
1906, 11
1907, 12
1908, 12
1909, 11
1910, 11
1911, 11
1912, 11
1913, 11
1914, 11
1915, 11
1916, 11
1917, 11
1918, 11
1919, 11
1920, 11
1921, 11
1922, 11
1923, 11
1924, 11
1925, 11
1926, 11
1927, 12
1928, 11
1929, 11
1930, 11
1931, 11
1932, 11
1933, 11
1934, 11
1935, 11
1936, 11
1937, 11
1938, 11
1939, 11
1940, 11
1941, 11
1942, 11
1943, 11
1944, 11
1945, 11
1946, 11
1947, 11
1948, 11
1949, 11
1950, 11
1951, 11
1952, 11
1953, 11
1954, 11
1955, 12
1956, 12
1957, 11
1958, 11
1959, 11
1960, 12
1961, 11
1962, 12
1963, 12
1964, 12
1965, 12
1966, 11
1967, 11
1968, 11
1969, 11
1970, 11
1971, 12
1972, 12
1973, 12
1974, 12
1975, 12
1976, 11
1977, 12
1978, 12
1979, 12
1980, 12
1981, 12
1982, 12
1983, 12
1984, 12
1985, 12
1986, 12
1987, 12
1988, 12
1989, 12
1990, 12
1991, 12
1992, 12
1993, 12
1994, 12
1995, 12
1996, 12
1997, 12
1998, 12
1999, 12
2000, 12
2001, 12
2002, 12
2003, 12
2004, 12
2005, 12
2006, 12
2007, 12
2008, 12
2009, 12
2010, 12
2011, 12
2012, 12
2013, 12
2014, 12
2015, 12
2016, 12
2017, 13
2018, 12
2019, 12
2020, 12
2021, 12
2022, 12
2023, 12
2024, 12
2025, 12
2026, 12
2027, 12
2028, 12
2029, 12
2030, 13
2031, 12
2032, 12
2033, 12
2034, 12
2035, 12
2036, 12
2037, 12
2038, 12
2039, 12
2040, 12
2041, 12
2042, 12
2043, 12
2044, 12
2045, 12
2046, 12
2047, 12
2048, 12
2049, 12
2050, 12
2051, 12
2052, 12
2053, 12
2054, 12
2055, 12
2056, 12
2057, 12
2058, 12
2059, 12
2060, 12
2061, 12
2062, 12
2063, 12
2064, 12
2065, 12
2066, 12
2067, 12
2068, 12
2069, 12
2070, 12
2071, 12
2072, 12
2073, 12
2074, 12
2075, 12
2076, 12
2077, 12
2078, 12
2079, 12
2080, 12
2081, 12
2082, 12
2083, 12
2084, 12
2085, 12
2086, 12
2087, 12
2088, 12
2089, 12
2090, 12
2091, 12
2092, 12
2093, 12
2094, 12
2095, 12
2096, 12
2097, 12
2098, 13
2099, 12
2100, 12
2101, 12
2102, 12
2103, 12
2104, 12
2105, 12
2106, 12
2107, 12
2108, 14
2109, 12
2110, 12
2111, 12
2112, 13
2113, 12
2114, 12
2115, 12
2116, 12
2117, 12
2118, 12
2119, 12
2120, 12
2121, 12
2122, 12
2123, 12
2124, 13
2125, 12
2126, 12
2127, 13
2128, 12
2129, 12
2130, 12
2131, 13
2132, 13
2133, 13
2134, 13
2135, 13
2136, 13
2137, 13
2138, 13
2139, 13
2140, 13
2141, 13
2142, 13
2143, 13
2144, 13
2145, 13
2146, 13
2147, 13
2148, 13
2149, 13
2150, 13
2151, 13
2152, 13
2153, 13
2154, 13
2155, 13
2156, 13
2157, 13
2158, 13
2159, 13
2160, 13
2161, 13
2162, 13
2163, 13
2164, 13
2165, 13
2166, 13
2167, 13
2168, 13
2169, 13
2170, 13
2171, 13
2172, 13
2173, 13
2174, 13
2175, 14
2176, 13
2177, 13
2178, 13
2179, 13
2180, 13
2181, 13
2182, 13
2183, 13
2184, 13
2185, 13
2186, 13
2187, 13
2188, 13
2189, 13
2190, 13
2191, 13
2192, 13
2193, 13
2194, 13
2195, 13
2196, 13
2197, 13
2198, 13
2199, 13
2200, 13
2201, 13
2202, 13
2203, 13
2204, 13
2205, 13
2206, 13
2207, 13
2208, 13
2209, 13
2210, 13
2211, 14
2212, 13
2213, 13
2214, 13
2215, 13
2216, 13
2217, 13
2218, 13
2219, 13
2220, 13
2221, 13
2222, 13
2223, 13
2224, 13
2225, 13
2226, 13
2227, 13
2228, 13
2229, 13
2230, 13
2231, 13
2232, 13
2233, 13
2234, 13
2235, 13
2236, 13
2237, 13
2238, 13
2239, 13
2240, 13
2241, 13
2242, 13
2243, 13
2244, 14
2245, 14
2246, 13
2247, 13
2248, 13
2249, 13
2250, 13
2251, 13
2252, 13
2253, 13
2254, 13
2255, 13
2256, 14
2257, 13
2258, 13
2259, 13
2260, 13
2261, 13
2262, 13
2263, 13
2264, 13
2265, 13
2266, 13
2267, 14
2268, 13
2269, 13
2270, 13
2271, 13
2272, 13
2273, 13
2274, 13
2275, 13
2276, 13
2277, 13
2278, 13
2279, 13
2280, 14
2281, 13
2282, 14
2283, 13
2284, 14
2285, 13
2286, 13
2287, 13
2288, 14
2289, 14
2290, 13
2291, 13
2292, 14
2293, 14
2294, 14
2295, 13
2296, 14
2297, 14
2298, 14
2299, 14
2300, 13
2301, 13
2302, 14
2303, 14
2304, 14
2305, 14
2306, 14
2307, 14
2308, 14
2309, 14
2310, 14
2311, 14
2312, 14
2313, 14
2314, 14
2315, 14
2316, 14
2317, 14
2318, 14
2319, 14
2320, 14
2321, 14
2322, 14
2323, 14
2324, 14
2325, 14
2326, 14
2327, 14
2328, 14
2329, 14
2330, 14
2331, 14
2332, 14
2333, 14
2334, 14
2335, 14
2336, 14
2337, 14
2338, 14
2339, 14
2340, 14
2341, 14
2342, 14
2343, 14
2344, 14
2345, 14
2346, 14
2347, 14
2348, 14
2349, 14
2350, 14
2351, 14
2352, 14
2353, 14
2354, 14
2355, 14
2356, 14
2357, 14
2358, 14
2359, 14
2360, 14
2361, 14
2362, 14
2363, 14
2364, 14
2365, 14
2366, 14
2367, 14
2368, 14
2369, 14
2370, 14
2371, 14
2372, 14
2373, 14
2374, 14
2375, 14
2376, 14
2377, 14
2378, 14
2379, 14
2380, 14
2381, 14
2382, 14
2383, 14
2384, 14
2385, 14
2386, 14
2387, 14
2388, 14
2389, 14
2390, 14
2391, 14
2392, 14
2393, 14
2394, 14
2395, 15
2396, 14
2397, 14
2398, 14
2399, 14
2400, 14
2401, 14
2402, 14
2403, 14
2404, 14
2405, 14
2406, 14
2407, 14
2408, 14
2409, 14
2410, 15
2411, 14
2412, 14
2413, 14
2414, 14
2415, 14
2416, 14
2417, 14
2418, 14
2419, 14
2420, 14
2421, 14
2422, 14
2423, 14
2424, 14
2425, 14
2426, 14
2427, 14
2428, 15
2429, 14
2430, 14
2431, 14
2432, 14
2433, 14
2434, 14
2435, 14
2436, 14
2437, 14
2438, 14
2439, 14
2440, 14
2441, 14
2442, 14
2443, 15
2444, 14
2445, 14
2446, 14
2447, 14
2448, 14
2449, 14
2450, 15
2451, 15
2452, 16
2453, 15
2454, 15
2455, 15
2456, 15
2457, 15
2458, 15
2459, 15
2460, 15
2461, 15
2462, 15
2463, 15
2464, 15
2465, 15
2466, 15
2467, 15
2468, 15
2469, 15
2470, 15
2471, 15
2472, 15
2473, 15
2474, 15
2475, 15
2476, 15
2477, 15
2478, 15
2479, 15
2480, 15
2481, 15
2482, 15
2483, 15
2484, 15
2485, 15
2486, 15
2487, 15
2488, 16
2489, 15
2490, 15
2491, 15
2492, 15
2493, 15
2494, 15
2495, 15
2496, 15
2497, 15
2498, 15
2499, 15
2500, 15
2501, 15
2502, 15
2503, 15
2504, 15
2505, 15
2506, 15
2507, 15
2508, 15
2509, 15
2510, 15
2511, 15
2512, 15
2513, 15
2514, 15
2515, 15
2516, 15
2517, 15
2518, 15
2519, 15
2520, 15
2521, 15
2522, 15
2523, 15
2524, 15
2525, 15
2526, 15
2527, 15
2528, 16
2529, 15
2530, 15
2531, 15
2532, 15
2533, 15
2534, 15
2535, 15
2536, 15
2537, 15
2538, 15
2539, 15
2540, 15
2541, 15
2542, 15
2543, 15
2544, 15
2545, 15
2546, 15
2547, 15
2548, 15
2549, 15
2550, 15
2551, 16
2552, 15
2553, 15
2554, 15
2555, 15
2556, 15
2557, 15
2558, 15
2559, 15
2560, 15
2561, 16
2562, 15
2563, 15
2564, 15
2565, 15
2566, 15
2567, 15
2568, 15
2569, 15
2570, 15
2571, 15
2572, 15
2573, 15
2574, 15
2575, 15
2576, 15
2577, 15
2578, 15
2579, 15
2580, 15
2581, 15
2582, 15
2583, 15
2584, 15
2585, 15
2586, 15
2587, 15
2588, 15
2589, 15
2590, 15
2591, 15
2592, 15
2593, 15
2594, 16
2595, 15
2596, 15
2597, 15
2598, 15
2599, 15
2600, 15
2601, 15
2602, 16
2603, 15
2604, 16
2605, 15
2606, 15
2607, 15
2608, 15
2609, 16
2610, 16
2611, 16
2612, 16
2613, 16
2614, 16
2615, 16
2616, 16
2617, 16
2618, 16
2619, 16
2620, 16
2621, 16
2622, 16
2623, 16
2624, 16
2625, 16
2626, 16
2627, 16
2628, 16
2629, 16
2630, 16
2631, 16
2632, 16
2633, 16
2634, 16
2635, 16
2636, 16
2637, 16
2638, 16
2639, 16
2640, 16
2641, 16
2642, 16
2643, 16
2644, 16
2645, 16
2646, 16
2647, 16
2648, 16
2649, 16
2650, 16
2651, 16
2652, 16
2653, 16
2654, 16
2655, 16
2656, 16
2657, 16
2658, 16
2659, 16
2660, 16
2661, 16
2662, 16
2663, 16
2664, 16
2665, 16
2666, 16
2667, 16
2668, 16
2669, 16
2670, 16
2671, 16
2672, 17
2673, 16
2674, 16
2675, 16
2676, 16
2677, 16
2678, 16
2679, 16
2680, 16
2681, 16
2682, 16
2683, 16
2684, 16
2685, 16
2686, 16
2687, 16
2688, 16
2689, 16
2690, 16
2691, 16
2692, 17
2693, 16
2694, 16
2695, 16
2696, 16
2697, 16
2698, 16
2699, 16
2700, 16
2701, 16
2702, 16
2703, 16
2704, 16
2705, 16
2706, 16
2707, 16
2708, 16
2709, 16
2710, 16
2711, 16
2712, 16
2713, 16
2714, 16
2715, 16
2716, 16
2717, 16
2718, 16
2719, 16
2720, 16
2721, 16
2722, 16
2723, 16
2724, 16
2725, 16
2726, 16
2727, 16
2728, 16
2729, 16
2730, 17
2731, 16
2732, 16
2733, 16
2734, 16
2735, 16
2736, 16
2737, 16
2738, 16
2739, 16
2740, 16
2741, 16
2742, 16
2743, 16
2744, 16
2745, 16
2746, 16
2747, 16
2748, 16
2749, 16
2750, 16
2751, 16
2752, 16
2753, 16
2754, 16
2755, 16
2756, 16
2757, 16
2758, 16
2759, 16
2760, 16
2761, 17
2762, 16
2763, 16
2764, 16
2765, 16
2766, 17
2767, 16
2768, 16
2769, 17
2770, 17
2771, 17
2772, 17
2773, 16
2774, 17
2775, 17
2776, 17
2777, 16
2778, 17
2779, 17
2780, 17
2781, 17
2782, 17
2783, 17
2784, 17
2785, 17
2786, 17
2787, 17
2788, 17
2789, 17
2790, 17
2791, 17
2792, 17
2793, 17
2794, 17
2795, 17
2796, 17
2797, 17
2798, 17
2799, 17
2800, 17
2801, 17
2802, 17
2803, 17
2804, 17
2805, 17
2806, 17
2807, 17
2808, 17
2809, 17
2810, 17
2811, 17
2812, 17
2813, 17
2814, 17
2815, 17
2816, 17
2817, 17
2818, 17
2819, 17
2820, 17
2821, 17
2822, 17
2823, 17
2824, 17
2825, 17
2826, 17
2827, 17
2828, 17
2829, 17
2830, 17
2831, 18
2832, 17
2833, 18
2834, 17
2835, 17
2836, 17
2837, 18
2838, 17
2839, 17
2840, 17
2841, 17
2842, 17
2843, 17
2844, 17
2845, 17
2846, 17
2847, 17
2848, 17
2849, 17
2850, 17
2851, 17
2852, 17
2853, 17
2854, 17
2855, 17
2856, 17
2857, 18
2858, 18
2859, 17
2860, 17
2861, 17
2862, 17
2863, 17
2864, 17
2865, 17
2866, 17
2867, 17
2868, 17
2869, 17
2870, 17
2871, 17
2872, 17
2873, 17
2874, 17
2875, 17
2876, 17
2877, 17
2878, 17
2879, 17
2880, 17
2881, 17
2882, 17
2883, 17
2884, 17
2885, 18
2886, 17
2887, 17
2888, 17
2889, 17
2890, 17
2891, 17
2892, 17
2893, 17
2894, 17
2895, 17
2896, 17
2897, 17
2898, 18
2899, 17
2900, 17
2901, 17
2902, 17
2903, 17
2904, 17
2905, 17
2906, 17
2907, 17
2908, 17
2909, 17
2910, 17
2911, 18
2912, 17
2913, 18
2914, 17
2915, 17
2916, 17
2917, 17
2918, 17
2919, 18
2920, 17
2921, 17
2922, 17
2923, 17
2924, 18
2925, 17
2926, 17
2927, 17
2928, 18
2929, 18
2930, 17
2931, 17
2932, 18
2933, 18
2934, 17
2935, 18
2936, 17
2937, 18
2938, 18
2939, 18
2940, 18
2941, 17
2942, 18
2943, 17
2944, 18
2945, 18
2946, 19
2947, 19
2948, 18
2949, 18
2950, 18
2951, 18
2952, 18
2953, 18
2954, 18
2955, 18
2956, 18
2957, 18
2958, 18
2959, 18
2960, 18
2961, 18
2962, 18
2963, 18
2964, 18
2965, 18
2966, 18
2967, 18
2968, 18
2969, 18
2970, 18
2971, 18
2972, 18
2973, 18
2974, 18
2975, 18
2976, 18
2977, 18
2978, 18
2979, 18
2980, 18
2981, 18
2982, 18
2983, 18
2984, 18
2985, 18
2986, 18
2987, 18
2988, 18
2989, 18
2990, 18
2991, 18
2992, 18
2993, 18
2994, 18
2995, 18
2996, 18
2997, 18
2998, 18
2999, 18
3000, 18
3001, 18
3002, 18
3003, 18
3004, 18
3005, 18
3006, 18
3007, 18
3008, 18
3009, 18
3010, 18
3011, 18
3012, 18
3013, 18
3014, 18
3015, 18
3016, 19
3017, 18
3018, 19
3019, 18
3020, 18
3021, 18
3022, 18
3023, 18
3024, 18
3025, 18
3026, 18
3027, 18
3028, 18
3029, 18
3030, 18
3031, 18
3032, 18
3033, 18
3034, 18
3035, 18
3036, 18
3037, 18
3038, 18
3039, 18
3040, 18
3041, 18
3042, 18
3043, 18
3044, 18
3045, 19
3046, 18
3047, 18
3048, 18
3049, 18
3050, 18
3051, 18
3052, 18
3053, 18
3054, 19
3055, 18
3056, 19
3057, 18
3058, 18
3059, 18
3060, 18
3061, 18
3062, 18
3063, 18
3064, 18
3065, 18
3066, 18
3067, 18
3068, 18
3069, 18
3070, 18
3071, 18
3072, 18
3073, 18
3074, 18
3075, 19
3076, 18
3077, 19
3078, 19
3079, 18
3080, 18
3081, 18
3082, 18
3083, 18
3084, 19
3085, 19
3086, 18
3087, 18
3088, 18
3089, 18
3090, 19
3091, 19
3092, 18
3093, 19
3094, 19
3095, 19
3096, 18
3097, 19
3098, 19
3099, 19
3100, 21
3101, 21
3102, 19
3103, 19
3104, 19
3105, 19
3106, 19
3107, 19
3108, 19
3109, 19
3110, 19
3111, 19
3112, 19
3113, 19
3114, 19
3115, 19
3116, 19
3117, 19
3118, 19
3119, 19
3120, 19
3121, 19
3122, 19
3123, 19
3124, 19
3125, 19
3126, 19
3127, 19
3128, 19
3129, 19
3130, 19
3131, 19
3132, 19
3133, 19
3134, 19
3135, 19
3136, 19
3137, 19
3138, 19
3139, 19
3140, 19
3141, 19
3142, 19
3143, 19
3144, 19
3145, 20
3146, 19
3147, 19
3148, 19
3149, 19
3150, 19
3151, 19
3152, 19
3153, 19
3154, 20
3155, 19
3156, 19
3157, 19
3158, 19
3159, 19
3160, 19
3161, 19
3162, 19
3163, 19
3164, 19
3165, 19
3166, 19
3167, 19
3168, 19
3169, 19
3170, 19
3171, 19
3172, 19
3173, 19
3174, 19
3175, 19
3176, 19
3177, 19
3178, 19
3179, 19
3180, 19
3181, 19
3182, 19
3183, 19
3184, 19
3185, 19
3186, 19
3187, 19
3188, 19
3189, 19
3190, 19
3191, 19
3192, 19
3193, 20
3194, 19
3195, 19
3196, 19
3197, 19
3198, 19
3199, 19
3200, 19
3201, 19
3202, 19
3203, 19
3204, 19
3205, 19
3206, 19
3207, 19
3208, 19
3209, 19
3210, 19
3211, 19
3212, 19
3213, 19
3214, 21
3215, 19
3216, 19
3217, 19
3218, 19
3219, 19
3220, 19
3221, 19
3222, 19
3223, 19
3224, 19
3225, 19
3226, 19
3227, 19
3228, 19
3229, 19
3230, 20
3231, 19
3232, 19
3233, 19
3234, 20
3235, 19
3236, 19
3237, 19
3238, 19
3239, 19
3240, 19
3241, 19
3242, 20
3243, 19
3244, 19
3245, 19
3246, 20
3247, 20
3248, 19
3249, 19
3250, 19
3251, 20
3252, 19
3253, 19
3254, 19
3255, 19
3256, 20
3257, 19
3258, 19
3259, 20
3260, 20
3261, 20
3262, 20
3263, 20
3264, 20
3265, 20
3266, 20
3267, 20
3268, 20
3269, 20
3270, 20
3271, 20
3272, 20
3273, 19
3274, 20
3275, 20
3276, 20
3277, 20
3278, 20
3279, 20
3280, 20
3281, 20
3282, 21
3283, 20
3284, 20
3285, 20
3286, 20
3287, 20
3288, 20
3289, 20
3290, 20
3291, 20
3292, 20
3293, 20
3294, 20
3295, 20
3296, 20
3297, 20
3298, 20
3299, 20
3300, 20
3301, 20
3302, 20
3303, 20
3304, 20
3305, 20
3306, 20
3307, 20
3308, 20
3309, 20
3310, 20
3311, 20
3312, 20
3313, 20
3314, 20
3315, 20
3316, 20
3317, 20
3318, 20
3319, 20
3320, 20
3321, 20
3322, 20
3323, 20
3324, 20
3325, 20
3326, 20
3327, 20
3328, 20
3329, 20
3330, 20
3331, 20
3332, 20
3333, 20
3334, 20
3335, 20
3336, 20
3337, 20
3338, 20
3339, 20
3340, 20
3341, 20
3342, 20
3343, 20
3344, 20
3345, 20
3346, 20
3347, 20
3348, 20
3349, 20
3350, 20
3351, 20
3352, 20
3353, 20
3354, 20
3355, 20
3356, 20
3357, 20
3358, 20
3359, 20
3360, 20
3361, 20
3362, 20
3363, 20
3364, 20
3365, 20
3366, 20
3367, 20
3368, 20
3369, 20
3370, 20
3371, 20
3372, 20
3373, 20
3374, 20
3375, 20
3376, 20
3377, 20
3378, 20
3379, 21
3380, 21
3381, 20
3382, 20
3383, 20
3384, 21
3385, 21
3386, 21
3387, 20
3388, 20
3389, 21
3390, 20
3391, 20
3392, 20
3393, 21
3394, 21
3395, 20
3396, 21
3397, 20
3398, 20
3399, 21
3400, 21
3401, 20
3402, 21
3403, 20
3404, 20
3405, 20
3406, 20
3407, 20
3408, 21
3409, 21
3410, 20
3411, 20
3412, 21
3413, 21
3414, 21
3415, 21
3416, 20
3417, 20
3418, 21
3419, 20
3420, 21
3421, 20
3422, 21
3423, 21
3424, 20
3425, 20
3426, 21
3427, 21
3428, 22
3429, 21
3430, 21
3431, 21
3432, 21
3433, 21
3434, 21
3435, 21
3436, 21
3437, 21
3438, 21
3439, 21
3440, 21
3441, 21
3442, 21
3443, 21
3444, 21
3445, 21
3446, 21
3447, 21
3448, 21
3449, 21
3450, 21
3451, 21
3452, 21
3453, 21
3454, 21
3455, 21
3456, 21
3457, 21
3458, 21
3459, 21
3460, 21
3461, 21
3462, 21
3463, 21
3464, 21
3465, 21
3466, 21
3467, 21
3468, 21
3469, 21
3470, 21
3471, 21
3472, 21
3473, 21
3474, 21
3475, 21
3476, 21
3477, 21
3478, 21
3479, 21
3480, 21
3481, 21
3482, 21
3483, 21
3484, 21
3485, 21
3486, 21
3487, 21
3488, 21
3489, 21
3490, 21
3491, 21
3492, 21
3493, 21
3494, 21
3495, 21
3496, 21
3497, 21
3498, 21
3499, 21
3500, 21
3501, 21
3502, 21
3503, 21
3504, 21
3505, 21
3506, 21
3507, 21
3508, 21
3509, 21
3510, 21
3511, 21
3512, 21
3513, 21
3514, 21
3515, 21
3516, 21
3517, 21
3518, 21
3519, 21
3520, 21
3521, 21
3522, 21
3523, 21
3524, 21
3525, 21
3526, 21
3527, 21
3528, 21
3529, 21
3530, 22
3531, 21
3532, 21
3533, 21
3534, 21
3535, 21
3536, 21
3537, 21
3538, 21
3539, 21
3540, 21
3541, 21
3542, 21
3543, 21
3544, 21
3545, 21
3546, 21
3547, 21
3548, 21
3549, 21
3550, 21
3551, 21
3552, 21
3553, 21
3554, 21
3555, 21
3556, 21
3557, 21
3558, 21
3559, 21
3560, 21
3561, 21
3562, 21
3563, 21
3564, 22
3565, 21
3566, 21
3567, 22
3568, 22
3569, 22
3570, 22
3571, 21
3572, 22
3573, 22
3574, 22
3575, 21
3576, 21
3577, 21
3578, 22
3579, 22
3580, 22
3581, 22
3582, 21
3583, 22
3584, 22
3585, 22
3586, 22
3587, 21
3588, 22
3589, 22
3590, 22
3591, 22
3592, 22
3593, 22
3594, 22
3595, 22
3596, 22
3597, 22
3598, 22
3599, 22
3600, 22
3601, 22
3602, 23
3603, 22
3604, 22
3605, 22
3606, 22
3607, 23
3608, 22
3609, 22
3610, 22
3611, 22
3612, 22
3613, 22
3614, 22
3615, 22
3616, 22
3617, 22
3618, 22
3619, 22
3620, 22
3621, 22
3622, 22
3623, 22
3624, 22
3625, 22
3626, 22
3627, 22
3628, 22
3629, 22
3630, 22
3631, 22
3632, 22
3633, 22
3634, 22
3635, 22
3636, 22
3637, 23
3638, 22
3639, 22
3640, 22
3641, 22
3642, 22
3643, 22
3644, 22
3645, 22
3646, 22
3647, 22
3648, 22
3649, 22
3650, 22
3651, 22
3652, 22
3653, 22
3654, 22
3655, 22
3656, 22
3657, 23
3658, 22
3659, 22
3660, 22
3661, 22
3662, 22
3663, 22
3664, 22
3665, 22
3666, 23
3667, 22
3668, 22
3669, 22
3670, 22
3671, 22
3672, 22
3673, 22
3674, 22
3675, 22
3676, 22
3677, 22
3678, 22
3679, 22
3680, 22
3681, 22
3682, 22
3683, 22
3684, 22
3685, 22
3686, 22
3687, 22
3688, 22
3689, 22
3690, 22
3691, 22
3692, 22
3693, 22
3694, 22
3695, 23
3696, 22
3697, 22
3698, 22
3699, 23
3700, 22
3701, 23
3702, 23
3703, 22
3704, 22
3705, 22
3706, 22
3707, 22
3708, 22
3709, 22
3710, 22
3711, 22
3712, 23
3713, 22
3714, 22
3715, 22
3716, 22
3717, 22
3718, 22
3719, 23
3720, 23
3721, 22
3722, 22
3723, 22
3724, 22
3725, 22
3726, 22
3727, 22
3728, 23
3729, 22
3730, 22
3731, 22
3732, 22
3733, 23
3734, 23
3735, 23
3736, 22
3737, 22
3738, 23
3739, 23
3740, 23
3741, 22
3742, 23
3743, 23
3744, 23
3745, 23
3746, 23
3747, 22
3748, 23
3749, 23
3750, 23
3751, 23
3752, 23
3753, 23
3754, 23
3755, 23
3756, 23
3757, 23
3758, 23
3759, 23
3760, 23
3761, 23
3762, 23
3763, 23
3764, 23
3765, 23
3766, 23
3767, 23
3768, 23
3769, 23
3770, 23
3771, 23
3772, 23
3773, 23
3774, 23
3775, 23
3776, 23
3777, 23
3778, 23
3779, 23
3780, 23
3781, 24
3782, 23
3783, 24
3784, 23
3785, 23
3786, 23
3787, 23
3788, 23
3789, 23
3790, 24
3791, 23
3792, 23
3793, 23
3794, 23
3795, 23
3796, 23
3797, 23
3798, 23
3799, 24
3800, 23
3801, 23
3802, 23
3803, 23
3804, 23
3805, 23
3806, 23
3807, 23
3808, 23
3809, 23
3810, 23
3811, 23
3812, 23
3813, 23
3814, 23
3815, 23
3816, 23
3817, 23
3818, 23
3819, 23
3820, 23
3821, 23
3822, 23
3823, 23
3824, 23
3825, 24
3826, 23
3827, 24
3828, 23
3829, 23
3830, 23
3831, 23
3832, 23
3833, 23
3834, 23
3835, 23
3836, 23
3837, 23
3838, 23
3839, 23
3840, 24
3841, 23
3842, 23
3843, 23
3844, 23
3845, 23
3846, 23
3847, 23
3848, 23
3849, 23
3850, 23
3851, 23
3852, 23
3853, 23
3854, 23
3855, 23
3856, 23
3857, 24
3858, 23
3859, 23
3860, 23
3861, 23
3862, 23
3863, 23
3864, 23
3865, 23
3866, 23
3867, 24
3868, 23
3869, 23
3870, 23
3871, 23
3872, 23
3873, 24
3874, 23
3875, 23
3876, 24
3877, 23
3878, 23
3879, 23
3880, 23
3881, 23
3882, 23
3883, 23
3884, 23
3885, 23
3886, 23
3887, 23
3888, 23
3889, 24
3890, 23
3891, 23
3892, 24
3893, 24
3894, 24
3895, 23
3896, 24
3897, 23
3898, 24
3899, 24
3900, 23
3901, 24
3902, 24
3903, 24
3904, 23
3905, 24
3906, 24
3907, 23
3908, 24
3909, 24
3910, 24
3911, 24
3912, 24
3913, 24
3914, 24
3915, 24
3916, 24
3917, 24
3918, 24
3919, 24
3920, 24
3921, 24
3922, 24
3923, 24
3924, 24
3925, 24
3926, 24
3927, 24
3928, 24
3929, 24
3930, 24
3931, 24
3932, 24
3933, 24
3934, 24
3935, 24
3936, 24
3937, 24
3938, 24
3939, 24
3940, 24
3941, 24
3942, 24
3943, 24
3944, 24
3945, 24
3946, 24
3947, 24
3948, 24
3949, 24
3950, 24
3951, 24
3952, 24
3953, 24
3954, 24
3955, 24
3956, 24
3957, 24
3958, 24
3959, 24
3960, 24
3961, 24
3962, 24
3963, 24
3964, 24
3965, 24
3966, 25
3967, 24
3968, 24
3969, 24
3970, 24
3971, 24
3972, 24
3973, 24
3974, 24
3975, 24
3976, 24
3977, 24
3978, 24
3979, 24
3980, 24
3981, 24
3982, 24
3983, 24
3984, 24
3985, 24
3986, 24
3987, 24
3988, 24
3989, 25
3990, 24
3991, 24
3992, 24
3993, 24
3994, 24
3995, 24
3996, 24
3997, 24
3998, 24
3999, 24
4000, 24
4001, 24
4002, 24
4003, 24
4004, 24
4005, 24
4006, 24
4007, 24
4008, 24
4009, 24
4010, 26
4011, 24
4012, 25
4013, 24
4014, 24
4015, 24
4016, 24
4017, 24
4018, 24
4019, 24
4020, 25
4021, 24
4022, 24
4023, 25
4024, 24
4025, 24
4026, 24
4027, 24
4028, 24
4029, 24
4030, 24
4031, 24
4032, 24
4033, 25
4034, 24
4035, 24
4036, 25
4037, 25
4038, 24
4039, 24
4040, 24
4041, 25
4042, 24
4043, 24
4044, 24
4045, 25
4046, 24
4047, 25
4048, 24
4049, 25
4050, 24
4051, 25
4052, 25
4053, 25
4054, 24
4055, 24
4056, 25
4057, 25
4058, 25
4059, 25
4060, 25
4061, 25
4062, 25
4063, 25
4064, 25
4065, 25
4066, 24
4067, 25
4068, 25
4069, 25
4070, 25
4071, 25
4072, 25
4073, 25
4074, 25
4075, 25
4076, 25
4077, 25
4078, 25
4079, 25
4080, 25
4081, 25
4082, 25
4083, 25
4084, 25
4085, 25
4086, 25
4087, 25
4088, 25
4089, 25
4090, 25
4091, 25
4092, 25
4093, 26
4094, 25
4095, 25
4096, 25
4097, 25
4098, 25
4099, 25
4100, 25
4101, 25
4102, 25
4103, 25
4104, 25
4105, 25
4106, 25
4107, 25
4108, 25
4109, 25
4110, 25
4111, 25
4112, 25
4113, 25
4114, 25
4115, 25
4116, 25
4117, 25
4118, 25
4119, 25
4120, 25
4121, 25
4122, 25
4123, 26
4124, 25
4125, 25
4126, 25
4127, 25
4128, 25
4129, 25
4130, 25
4131, 26
4132, 25
4133, 25
4134, 26
4135, 25
4136, 25
4137, 25
4138, 25
4139, 25
4140, 25
4141, 25
4142, 25
4143, 25
4144, 25
4145, 25
4146, 25
4147, 25
4148, 25
4149, 25
4150, 25
4151, 25
4152, 25
4153, 25
4154, 25
4155, 25
4156, 25
4157, 25
4158, 25
4159, 25
4160, 25
4161, 25
4162, 25
4163, 25
4164, 25
4165, 25
4166, 25
4167, 25
4168, 25
4169, 25
4170, 25
4171, 25
4172, 25
4173, 25
4174, 25
4175, 25
4176, 25
4177, 25
4178, 27
4179, 25
4180, 25
4181, 25
4182, 26
4183, 25
4184, 25
4185, 25
4186, 25
4187, 26
4188, 26
4189, 25
4190, 25
4191, 25
4192, 29
4193, 25
4194, 25
4195, 25
4196, 25
4197, 26
4198, 26
4199, 25
4200, 26
4201, 25
4202, 25
4203, 26
4204, 25
4205, 25
4206, 25
4207, 25
4208, 26
4209, 25
4210, 26
4211, 26
4212, 26
4213, 25
4214, 26
4215, 26
4216, 26
4217, 26
4218, 25
4219, 26
4220, 26
4221, 25
4222, 26
4223, 26
4224, 26
4225, 26
4226, 26
4227, 25
4228, 26
4229, 26
4230, 26
4231, 26
4232, 26
4233, 26
4234, 26
4235, 26
4236, 26
4237, 26
4238, 26
4239, 26
4240, 26
4241, 26
4242, 26
4243, 26
4244, 26
4245, 26
4246, 26
4247, 26
4248, 26
4249, 26
4250, 26
4251, 26
4252, 26
4253, 26
4254, 27
4255, 26
4256, 26
4257, 26
4258, 26
4259, 26
4260, 26
4261, 26
4262, 26
4263, 26
4264, 26
4265, 26
4266, 26
4267, 26
4268, 26
4269, 26
4270, 26
4271, 26
4272, 26
4273, 26
4274, 26
4275, 26
4276, 26
4277, 26
4278, 26
4279, 26
4280, 26
4281, 26
4282, 26
4283, 26
4284, 26
4285, 26
4286, 26
4287, 26
4288, 26
4289, 28
4290, 26
4291, 26
4292, 26
4293, 27
4294, 26
4295, 26
4296, 26
4297, 27
4298, 26
4299, 26
4300, 26
4301, 27
4302, 26
4303, 26
4304, 26
4305, 26
4306, 26
4307, 28
4308, 26
4309, 26
4310, 26
4311, 26
4312, 26
4313, 26
4314, 26
4315, 26
4316, 27
4317, 26
4318, 26
4319, 26
4320, 26
4321, 26
4322, 26
4323, 26
4324, 26
4325, 26
4326, 26
4327, 26
4328, 26
4329, 26
4330, 26
4331, 26
4332, 26
4333, 26
4334, 26
4335, 26
4336, 26
4337, 26
4338, 26
4339, 26
4340, 26
4341, 26
4342, 27
4343, 28
4344, 26
4345, 26
4346, 26
4347, 27
4348, 26
4349, 26
4350, 26
4351, 26
4352, 26
4353, 26
4354, 26
4355, 26
4356, 26
4357, 26
4358, 26
4359, 28
4360, 26
4361, 26
4362, 27
4363, 27
4364, 26
4365, 26
4366, 26
4367, 26
4368, 27
4369, 26
4370, 26
4371, 27
4372, 27
4373, 26
4374, 27
4375, 26
4376, 26
4377, 27
4378, 27
4379, 28
4380, 26
4381, 27
4382, 27
4383, 27
4384, 27
4385, 27
4386, 27
4387, 27
4388, 27
4389, 27
4390, 27
4391, 27
4392, 27
4393, 27
4394, 26
4395, 27
4396, 27
4397, 27
4398, 27
4399, 27
4400, 27
4401, 27
4402, 27
4403, 28
4404, 27
4405, 27
4406, 27
4407, 27
4408, 27
4409, 27
4410, 27
4411, 27
4412, 27
4413, 27
4414, 27
4415, 27
4416, 27
4417, 27
4418, 27
4419, 27
4420, 28
4421, 27
4422, 27
4423, 27
4424, 27
4425, 27
4426, 27
4427, 27
4428, 27
4429, 27
4430, 28
4431, 27
4432, 27
4433, 27
4434, 27
4435, 27
4436, 27
4437, 27
4438, 27
4439, 27
4440, 27
4441, 27
4442, 27
4443, 27
4444, 27
4445, 27
4446, 27
4447, 27
4448, 27
4449, 27
4450, 28
4451, 27
4452, 27
4453, 27
4454, 27
4455, 27
4456, 27
4457, 27
4458, 28
4459, 27
4460, 27
4461, 27
4462, 27
4463, 27
4464, 27
4465, 27
4466, 27
4467, 27
4468, 27
4469, 27
4470, 27
4471, 27
4472, 28
4473, 27
4474, 28
4475, 27
4476, 27
4477, 27
4478, 27
4479, 27
4480, 27
4481, 27
4482, 27
4483, 27
4484, 27
4485, 27
4486, 27
4487, 27
4488, 27
4489, 27
4490, 27
4491, 27
4492, 27
4493, 27
4494, 27
4495, 27
4496, 27
4497, 27
4498, 27
4499, 27
4500, 27
4501, 28
4502, 27
4503, 27
4504, 27
4505, 27
4506, 27
4507, 27
4508, 27
4509, 27
4510, 28
4511, 27
4512, 27
4513, 27
4514, 27
4515, 27
4516, 27
4517, 27
4518, 27
4519, 29
4520, 27
4521, 29
4522, 27
4523, 28
4524, 28
4525, 27
4526, 28
4527, 28
4528, 27
4529, 28
4530, 28
4531, 27
4532, 27
4533, 28
4534, 28
4535, 28
4536, 27
4537, 28
4538, 28
4539, 27
4540, 27
4541, 28
4542, 28
4543, 28
4544, 28
4545, 28
4546, 28
4547, 28
4548, 28
4549, 28
4550, 28
4551, 28
4552, 28
4553, 28
4554, 28
4555, 28
4556, 28
4557, 28
4558, 28
4559, 28
4560, 28
4561, 28
4562, 28
4563, 28
4564, 28
4565, 28
4566, 28
4567, 28
4568, 28
4569, 28
4570, 28
4571, 28
4572, 28
4573, 28
4574, 29
4575, 29
4576, 28
4577, 28
4578, 28
4579, 28
4580, 28
4581, 28
4582, 28
4583, 28
4584, 28
4585, 28
4586, 28
4587, 28
4588, 28
4589, 28
4590, 28
4591, 28
4592, 28
4593, 28
4594, 29
4595, 28
4596, 28
4597, 28
4598, 28
4599, 28
4600, 28
4601, 28
4602, 28
4603, 28
4604, 28
4605, 28
4606, 28
4607, 28
4608, 28
4609, 28
4610, 28
4611, 28
4612, 28
4613, 28
4614, 28
4615, 28
4616, 28
4617, 29
4618, 28
4619, 28
4620, 28
4621, 28
4622, 29
4623, 28
4624, 28
4625, 28
4626, 28
4627, 28
4628, 28
4629, 28
4630, 28
4631, 28
4632, 28
4633, 29
4634, 28
4635, 28
4636, 28
4637, 28
4638, 28
4639, 28
4640, 28
4641, 28
4642, 28
4643, 28
4644, 28
4645, 28
4646, 28
4647, 28
4648, 28
4649, 28
4650, 28
4651, 28
4652, 28
4653, 28
4654, 28
4655, 28
4656, 28
4657, 28
4658, 28
4659, 28
4660, 28
4661, 28
4662, 28
4663, 28
4664, 28
4665, 28
4666, 28
4667, 28
4668, 30
4669, 29
4670, 29
4671, 29
4672, 28
4673, 29
4674, 28
4675, 29
4676, 28
4677, 28
4678, 28
4679, 28
4680, 29
4681, 29
4682, 28
4683, 28
4684, 28
4685, 28
4686, 29
4687, 29
4688, 28
4689, 28
4690, 30
4691, 28
4692, 29
4693, 29
4694, 29
4695, 28
4696, 28
4697, 28
4698, 28
4699, 28
4700, 30
4701, 28
4702, 29
4703, 29
4704, 29
4705, 29
4706, 29
4707, 30
4708, 29
4709, 28
4710, 29
4711, 29
4712, 29
4713, 29
4714, 29
4715, 29
4716, 29
4717, 29
4718, 29
4719, 29
4720, 29
4721, 29
4722, 29
4723, 29
4724, 29
4725, 29
4726, 29
4727, 29
4728, 29
4729, 29
4730, 29
4731, 29
4732, 29
4733, 29
4734, 29
4735, 29
4736, 29
4737, 29
4738, 29
4739, 29
4740, 29
4741, 29
4742, 29
4743, 29
4744, 29
4745, 29
4746, 29
4747, 29
4748, 29
4749, 29
4750, 29
4751, 29
4752, 29
4753, 29
4754, 29
4755, 29
4756, 29
4757, 29
4758, 29
4759, 30
4760, 29
4761, 29
4762, 29
4763, 29
4764, 29
4765, 29
4766, 29
4767, 29
4768, 29
4769, 29
4770, 29
4771, 29
4772, 29
4773, 29
4774, 29
4775, 29
4776, 29
4777, 29
4778, 30
4779, 29
4780, 29
4781, 29
4782, 29
4783, 29
4784, 29
4785, 29
4786, 29
4787, 29
4788, 29
4789, 29
4790, 29
4791, 30
4792, 29
4793, 29
4794, 29
4795, 29
4796, 29
4797, 29
4798, 29
4799, 30
4800, 29
4801, 29
4802, 29
4803, 29
4804, 29
4805, 29
4806, 29
4807, 29
4808, 29
4809, 30
4810, 29
4811, 29
4812, 29
4813, 32
4814, 29
4815, 29
4816, 30
4817, 29
4818, 30
4819, 30
4820, 29
4821, 29
4822, 29
4823, 29
4824, 29
4825, 29
4826, 29
4827, 29
4828, 29
4829, 30
4830, 30
4831, 29
4832, 29
4833, 30
4834, 29
4835, 30
4836, 30
4837, 29
4838, 29
4839, 30
4840, 30
4841, 29
4842, 29
4843, 30
4844, 29
4845, 29
4846, 29
4847, 29
4848, 30
4849, 29
4850, 30
4851, 29
4852, 29
4853, 29
4854, 30
4855, 30
4856, 29
4857, 30
4858, 30
4859, 30
4860, 30
4861, 30
4862, 30
4863, 29
4864, 30
4865, 30
4866, 29
4867, 29
4868, 30
4869, 29
4870, 30
4871, 30
4872, 30
4873, 30
4874, 30
4875, 30
4876, 30
4877, 30
4878, 30
4879, 30
4880, 30
4881, 30
4882, 30
4883, 30
4884, 30
4885, 30
4886, 30
4887, 30
4888, 30
4889, 30
4890, 30
4891, 30
4892, 30
4893, 30
4894, 30
4895, 30
4896, 30
4897, 30
4898, 30
4899, 30
4900, 30
4901, 30
4902, 30
4903, 30
4904, 30
4905, 30
4906, 30
4907, 30
4908, 31
4909, 30
4910, 30
4911, 30
4912, 30
4913, 30
4914, 30
4915, 30
4916, 30
4917, 30
4918, 30
4919, 30
4920, 30
4921, 30
4922, 30
4923, 30
4924, 30
4925, 30
4926, 30
4927, 30
4928, 30
4929, 30
4930, 30
4931, 30
4932, 30
4933, 30
4934, 30
4935, 30
4936, 30
4937, 30
4938, 31
4939, 30
4940, 30
4941, 30
4942, 30
4943, 34
4944, 30
4945, 30
4946, 30
4947, 30
4948, 30
4949, 30
4950, 30
4951, 30
4952, 30
4953, 30
4954, 30
4955, 30
4956, 30
4957, 30
4958, 30
4959, 30
4960, 30
4961, 30
4962, 30
4963, 30
4964, 30
4965, 30
4966, 30
4967, 30
4968, 30
4969, 30
4970, 30
4971, 30
4972, 30
4973, 31
4974, 32
4975, 30
4976, 30
4977, 30
4978, 30
4979, 30
4980, 30
4981, 31
4982, 31
4983, 31
4984, 31
4985, 30
4986, 30
4987, 31
4988, 30
4989, 31
4990, 30
4991, 30
4992, 30
4993, 30
4994, 30
4995, 31
4996, 30
4997, 30
4998, 31
4999, 30
